timestamp,voltage,current,frequency
2024-01-14 21:20:00,229.52,5.95,49.98
2024-01-14 21:22:00,229.26,5.92,49.96
2024-01-14 21:24:00,230.03,5.86,49.96
2024-01-14 21:26:00,229.79,5.93,49.97
2024-01-14 21:28:00,229.64,5.92,49.97
2024-01-14 21:30:00,229.13,5.91,49.96
2024-01-14 21:32:00,228.59,5.94,49.97
2024-01-14 21:34:00,228.6,5.8,49.97
2024-01-14 21:36:00,228.29,6.02,49.96
2024-01-14 21:38:00,227.73,5.94,49.97
2024-01-14 21:40:00,227.76,5.9,49.97
2024-01-14 21:42:00,228.03,5.94,49.99
2024-01-14 21:44:00,228.06,5.86,49.99
2024-01-14 21:46:00,227.87,5.87,49.99
2024-01-14 21:48:00,227.72,5.95,50.0
2024-01-14 21:50:00,227.67,6.0,50.0
2024-01-14 21:52:00,227.82,5.95,50.01
2024-01-14 21:54:00,227.77,6.02,50.01
2024-01-14 21:56:00,227.81,5.99,50.01
2024-01-14 21:58:00,228.21,5.88,50.03
2024-01-14 22:00:00,228.27,5.88,50.04
2024-01-14 22:02:00,228.72,5.87,50.04
2024-01-14 22:04:00,229.07,5.95,50.03
2024-01-14 22:06:00,228.99,5.86,50.02
2024-01-14 22:08:00,228.4,5.91,50.03
2024-01-14 22:10:00,228.31,5.99,50.02
2024-01-14 22:12:00,227.79,6.0,50.03
2024-01-14 22:14:00,228.22,5.92,50.04
2024-01-14 22:16:00,227.84,5.93,50.05
2024-01-14 22:18:00,227.67,5.96,50.06
2024-01-14 22:20:00,227.81,5.93,50.07
2024-01-14 22:22:00,227.99,5.94,50.07
2024-01-14 22:24:00,227.86,5.99,50.08
2024-01-14 22:26:00,228.3,5.96,50.07
2024-01-14 22:28:00,228.42,5.9,50.08
2024-01-14 22:30:00,228.91,5.98,50.08
2024-01-14 22:32:00,228.9,5.97,50.08
2024-01-14 22:34:00,228.39,5.95,50.07
2024-01-14 22:36:00,229.01,6.0,50.07
2024-01-14 22:38:00,229.26,5.82,50.07
2024-01-14 22:40:00,229.37,5.86,50.07
2024-01-14 22:42:00,229.04,5.96,50.07
2024-01-14 22:44:00,229.56,5.83,50.07
2024-01-14 22:46:00,229.39,5.94,50.07
2024-01-14 22:48:00,229.54,5.88,50.05
2024-01-14 22:50:00,229.28,5.98,50.04
2024-01-14 22:52:00,229.34,5.92,50.05
2024-01-14 22:54:00,228.87,5.96,50.04
2024-01-14 22:56:00,229.68,5.89,50.05
2024-01-14 22:58:00,229.54,6.01,50.06
2024-01-14 23:00:00,229.09,5.99,50.07
2024-01-14 23:02:00,228.93,5.84,50.08
2024-01-14 23:04:00,229.54,5.97,50.09
2024-01-14 23:06:00,229.73,5.96,50.09
2024-01-14 23:08:00,229.1,5.96,50.09
2024-01-14 23:10:00,228.6,5.82,50.09
2024-01-14 23:12:00,228.55,5.92,50.1
2024-01-14 23:14:00,228.29,5.97,50.1
2024-01-14 23:16:00,227.36,5.95,50.11
2024-01-14 23:18:00,227.62,5.98,50.09
2024-01-14 23:20:00,227.65,5.93,50.1
2024-01-14 23:22:00,227.23,5.96,50.11
2024-01-14 23:24:00,227.5,5.94,50.12
2024-01-14 23:26:00,227.24,5.99,50.13
2024-01-14 23:28:00,226.77,6.03,50.11
2024-01-14 23:30:00,226.9,5.94,50.12
2024-01-14 23:32:00,227.01,6.05,50.13
2024-01-14 23:34:00,227.06,6.02,50.13
2024-01-14 23:36:00,226.68,5.94,50.13
2024-01-14 23:38:00,225.59,6.06,50.13
2024-01-14 23:40:00,225.93,5.99,50.12
2024-01-14 23:42:00,225.95,5.97,50.11
2024-01-14 23:44:00,225.82,5.98,50.08
2024-01-14 23:46:00,225.94,6.01,50.09
2024-01-14 23:48:00,225.85,6.08,50.09
2024-01-14 23:50:00,225.7,5.92,50.08
2024-01-14 23:52:00,225.84,6.02,50.08
2024-01-14 23:54:00,225.82,5.97,50.09
2024-01-14 23:56:00,225.55,5.99,50.09
2024-01-14 23:58:00,225.75,5.94,50.08
2024-01-15 00:00:00,225.77,6.0,50.08
2024-01-15 00:02:00,224.82,6.02,50.1
2024-01-15 00:04:00,225.14,5.9,50.1
2024-01-15 00:06:00,225.07,5.98,50.09
2024-01-15 00:08:00,224.76,6.05,50.09
2024-01-15 00:10:00,224.72,6.05,50.09
2024-01-15 00:12:00,224.6,5.99,50.07
2024-01-15 00:14:00,224.51,6.09,50.09
2024-01-15 00:16:00,224.55,6.0,50.11
2024-01-15 00:18:00,224.46,5.98,50.12
2024-01-15 00:20:00,223.86,6.02,50.11
2024-01-15 00:22:00,224.05,5.99,50.11
2024-01-15 00:24:00,224.08,6.01,50.11
2024-01-15 00:26:00,224.37,6.04,50.12
2024-01-15 00:28:00,223.79,6.05,50.11
2024-01-15 00:30:00,224.49,6.01,50.11
2024-01-15 00:32:00,225.02,6.06,50.1
2024-01-15 00:34:00,224.61,5.92,50.09
2024-01-15 00:36:00,224.72,6.0,50.08
2024-01-15 00:38:00,224.59,6.09,50.09
2024-01-15 00:40:00,225.2,5.96,50.1
2024-01-15 00:42:00,225.45,6.06,50.1
2024-01-15 00:44:00,225.17,5.95,50.1
2024-01-15 00:46:00,225.2,6.01,50.09
2024-01-15 00:48:00,225.65,5.92,50.1
2024-01-15 00:50:00,225.54,6.08,50.08
2024-01-15 00:52:00,225.95,5.93,50.07
2024-01-15 00:54:00,226.53,6.01,50.06
2024-01-15 00:56:00,226.6,6.04,50.06
2024-01-15 00:58:00,226.61,6.03,50.07
2024-01-15 01:00:00,226.03,5.98,50.07
2024-01-15 01:02:00,226.11,5.96,50.08
2024-01-15 01:04:00,226.17,5.88,50.06
2024-01-15 01:06:00,226.28,6.01,50.06
2024-01-15 01:08:00,226.54,5.99,50.05
2024-01-15 01:10:00,226.69,5.99,50.06
2024-01-15 01:12:00,227.01,5.91,50.06
2024-01-15 01:14:00,227.53,5.99,50.06
2024-01-15 01:16:00,227.81,6.0,50.06
2024-01-15 01:18:00,227.67,5.97,50.06
2024-01-15 01:20:00,228.22,6.01,50.07
2024-01-15 01:22:00,227.77,5.89,50.06
2024-01-15 01:24:00,227.83,5.99,50.06
2024-01-15 01:26:00,227.61,5.95,50.05
2024-01-15 01:28:00,227.7,5.93,50.04
2024-01-15 01:30:00,227.74,5.99,50.03
2024-01-15 01:32:00,227.8,5.84,50.02
2024-01-15 01:34:00,228.04,5.99,50.02
2024-01-15 01:36:00,227.86,5.93,50.01
2024-01-15 01:38:00,227.91,5.89,50.01
2024-01-15 01:40:00,227.66,5.93,50.02
2024-01-15 01:42:00,227.88,5.97,50.02
2024-01-15 01:44:00,227.5,5.95,50.02
2024-01-15 01:46:00,227.36,5.96,50.01
2024-01-15 01:48:00,227.35,5.94,50.01
2024-01-15 01:50:00,226.95,5.9,50.02
2024-01-15 01:52:00,226.99,6.05,50.04
2024-01-15 01:54:00,227.43,5.89,50.05
2024-01-15 01:56:00,227.38,5.94,50.05
2024-01-15 01:58:00,227.26,5.97,50.07
2024-01-15 02:00:00,226.68,6.06,50.09
2024-01-15 02:02:00,226.62,5.94,50.07
2024-01-15 02:04:00,226.3,5.94,50.07
2024-01-15 02:06:00,226.29,6.01,50.08
2024-01-15 02:08:00,226.38,5.97,50.09
2024-01-15 02:10:00,226.67,5.99,50.08
2024-01-15 02:12:00,227.06,6.0,50.08
2024-01-15 02:14:00,226.39,5.98,50.08
2024-01-15 02:16:00,226.64,5.98,50.06
2024-01-15 02:18:00,226.74,6.05,50.06
2024-01-15 02:20:00,226.74,5.95,50.06
2024-01-15 02:22:00,227.28,6.01,50.05
2024-01-15 02:24:00,227.25,5.95,50.06
2024-01-15 02:26:00,227.4,5.95,50.04
2024-01-15 02:28:00,227.36,5.93,50.03
2024-01-15 02:30:00,227.64,5.95,50.02
2024-01-15 02:32:00,228.33,5.95,50.03
2024-01-15 02:34:00,228.7,5.9,50.04
2024-01-15 02:36:00,228.02,5.99,50.04
2024-01-15 02:38:00,228.21,5.93,50.06
2024-01-15 02:40:00,228.64,5.8,50.06
2024-01-15 02:42:00,228.54,5.96,50.07
2024-01-15 02:44:00,228.28,5.93,50.06
2024-01-15 02:46:00,228.8,5.94,50.06
2024-01-15 02:48:00,228.9,5.87,50.07
2024-01-15 02:50:00,229.53,5.83,50.07
2024-01-15 02:52:00,229.79,5.87,50.08
2024-01-15 02:54:00,229.81,5.87,50.05
2024-01-15 02:56:00,229.77,5.9,50.06
2024-01-15 02:58:00,229.89,5.88,50.05
2024-01-15 03:00:00,230.2,5.9,50.04
2024-01-15 03:02:00,230.01,5.96,50.06
2024-01-15 03:04:00,229.79,5.79,50.06
2024-01-15 03:06:00,229.87,5.91,50.04
2024-01-15 03:08:00,230.41,5.8,50.03
2024-01-15 03:10:00,230.05,5.85,50.01
2024-01-15 03:12:00,230.07,5.97,50.01
2024-01-15 03:14:00,229.72,5.98,50.02
2024-01-15 03:16:00,229.42,5.93,50.03
2024-01-15 03:18:00,229.11,5.92,50.02
2024-01-15 03:20:00,228.69,5.93,50.03
2024-01-15 03:22:00,228.7,5.89,50.05
2024-01-15 03:24:00,228.53,5.96,50.06
2024-01-15 03:26:00,227.66,5.99,50.06
2024-01-15 03:28:00,227.57,5.94,50.06
2024-01-15 03:30:00,226.77,5.97,50.07
2024-01-15 03:32:00,227.53,5.88,50.07
2024-01-15 03:34:00,227.36,5.98,50.08
2024-01-15 03:36:00,227.1,6.06,50.09
2024-01-15 03:38:00,227.37,5.93,50.09
2024-01-15 03:40:00,227.53,5.93,50.08
2024-01-15 03:42:00,228.2,5.96,50.09
2024-01-15 03:44:00,228.86,5.93,50.09
2024-01-15 03:46:00,228.48,6.0,50.08
2024-01-15 03:48:00,227.45,5.82,50.07
2024-01-15 03:50:00,227.32,5.94,50.07
2024-01-15 03:52:00,226.92,5.97,50.08
2024-01-15 03:54:00,226.87,5.94,50.07
2024-01-15 03:56:00,227.27,5.89,50.09
2024-01-15 03:58:00,227.26,5.9,50.1
2024-01-15 04:00:00,227.44,5.97,50.1
2024-01-15 04:02:00,227.5,5.97,50.12
2024-01-15 04:04:00,227.57,5.99,50.1
2024-01-15 04:06:00,227.68,6.07,50.08
2024-01-15 04:08:00,228.38,5.97,50.06
2024-01-15 04:10:00,228.39,5.95,50.07
2024-01-15 04:12:00,228.24,5.97,50.08
2024-01-15 04:14:00,228.55,5.99,50.08
2024-01-15 04:16:00,228.79,6.04,50.07
2024-01-15 04:18:00,228.94,5.87,50.08
2024-01-15 04:20:00,228.25,5.91,50.1
2024-01-15 04:22:00,228.07,5.94,50.12
2024-01-15 04:24:00,228.03,5.84,50.11
2024-01-15 04:26:00,228.49,6.0,50.09
2024-01-15 04:28:00,228.15,5.9,50.08
2024-01-15 04:30:00,227.83,5.95,50.08
2024-01-15 04:32:00,227.68,5.89,50.08
2024-01-15 04:34:00,227.19,5.98,50.09
2024-01-15 04:36:00,227.89,5.97,50.1
2024-01-15 04:38:00,227.3,6.03,50.1
2024-01-15 04:40:00,227.41,5.97,50.1
2024-01-15 04:42:00,227.41,5.93,50.11
2024-01-15 04:44:00,226.89,5.89,50.1
2024-01-15 04:46:00,227.32,5.98,50.09
2024-01-15 04:48:00,227.04,5.96,50.09
2024-01-15 04:50:00,227.52,6.05,50.09
2024-01-15 04:52:00,228.29,5.94,50.1
2024-01-15 04:54:00,228.63,5.98,50.11
2024-01-15 04:56:00,228.18,5.94,50.12
2024-01-15 04:58:00,227.81,5.85,50.11
2024-01-15 05:00:00,227.77,6.05,50.09
2024-01-15 05:02:00,227.36,5.93,50.08
2024-01-15 05:04:00,226.95,5.86,50.08
2024-01-15 05:06:00,227.63,5.98,50.09
2024-01-15 05:08:00,227.42,5.91,50.1
2024-01-15 05:10:00,227.45,5.95,50.11
2024-01-15 05:12:00,227.17,5.91,50.12
2024-01-15 05:14:00,227.42,5.9,50.12
2024-01-15 05:16:00,226.79,5.98,50.12
2024-01-15 05:18:00,226.71,5.91,50.13
2024-01-15 05:20:00,226.8,6.01,50.13
2024-01-15 05:22:00,227.21,5.86,50.13
2024-01-15 05:24:00,227.63,5.85,50.13
2024-01-15 05:26:00,227.83,5.92,50.14
2024-01-15 05:28:00,228.19,5.91,50.14
2024-01-15 05:30:00,227.78,5.96,50.14
2024-01-15 05:32:00,227.78,5.95,50.13
2024-01-15 05:34:00,227.28,5.98,50.13
2024-01-15 05:36:00,226.92,5.93,50.14
2024-01-15 05:38:00,227.22,5.99,50.14
2024-01-15 05:40:00,226.98,6.03,50.13
2024-01-15 05:42:00,227.08,5.92,50.13
2024-01-15 05:44:00,226.14,5.95,50.12
2024-01-15 05:46:00,226.22,5.95,50.11
2024-01-15 05:48:00,226.96,5.91,50.11
2024-01-15 05:50:00,227.04,5.91,50.13
2024-01-15 05:52:00,227.62,6.01,50.12
2024-01-15 05:54:00,227.37,5.85,50.11
2024-01-15 05:56:00,227.33,5.99,50.13
2024-01-15 05:58:00,226.89,5.97,50.13
2024-01-15 06:00:00,226.84,6.04,50.13
2024-01-15 06:02:00,227.03,5.98,50.13
2024-01-15 06:04:00,226.76,6.06,50.13
2024-01-15 06:06:00,226.95,5.97,50.11
2024-01-15 06:08:00,226.58,5.97,50.1
2024-01-15 06:10:00,226.73,5.92,50.1
2024-01-15 06:12:00,226.13,6.02,50.11
2024-01-15 06:14:00,226.3,5.97,50.1
2024-01-15 06:16:00,226.85,6.05,50.1
2024-01-15 06:18:00,226.65,5.88,50.1
2024-01-15 06:20:00,226.42,5.95,50.11
2024-01-15 06:22:00,226.08,6.07,50.1
2024-01-15 06:24:00,225.37,5.96,50.1
2024-01-15 06:26:00,225.42,6.0,50.1
2024-01-15 06:28:00,225.24,5.93,50.1
2024-01-15 06:30:00,225.61,5.99,50.1
2024-01-15 06:32:00,225.66,6.06,50.09
2024-01-15 06:34:00,225.23,6.01,50.1
2024-01-15 06:36:00,225.53,6.02,50.1
2024-01-15 06:38:00,225.24,5.95,50.1
2024-01-15 06:40:00,225.46,5.96,50.09
2024-01-15 06:42:00,225.15,6.08,50.09
2024-01-15 06:44:00,225.38,6.07,50.08
2024-01-15 06:46:00,225.65,5.98,50.09
2024-01-15 06:48:00,225.37,6.0,50.1
2024-01-15 06:50:00,225.13,5.99,50.1
2024-01-15 06:52:00,225.51,6.1,50.12
2024-01-15 06:54:00,226.02,5.77,50.12
2024-01-15 06:56:00,226.04,6.02,50.1
2024-01-15 06:58:00,226.29,5.87,50.11
2024-01-15 07:00:00,225.71,6.05,50.12
2024-01-15 07:02:00,225.6,6.01,50.12
2024-01-15 07:04:00,225.08,6.03,50.14
2024-01-15 07:06:00,224.97,6.03,50.13
2024-01-15 07:08:00,225.29,5.99,50.13
2024-01-15 07:10:00,225.45,6.07,50.13
2024-01-15 07:12:00,225.07,5.96,50.13
2024-01-15 07:14:00,225.25,5.94,50.14
2024-01-15 07:16:00,225.56,5.96,50.16
2024-01-15 07:18:00,225.3,6.0,50.13
2024-01-15 07:20:00,225.19,5.99,50.13
2024-01-15 07:22:00,224.93,5.98,50.14
2024-01-15 07:24:00,224.26,5.92,50.13
2024-01-15 07:26:00,224.22,5.98,50.13
2024-01-15 07:28:00,224.43,6.06,50.15
2024-01-15 07:30:00,223.97,5.98,50.14
2024-01-15 07:32:00,224.32,5.98,50.14
2024-01-15 07:34:00,223.83,5.99,50.13
2024-01-15 07:36:00,224.07,5.96,50.15
2024-01-15 07:38:00,224.14,5.98,50.15
2024-01-15 07:40:00,223.86,5.97,50.16
2024-01-15 07:42:00,224.34,6.03,50.15
2024-01-15 07:44:00,224.05,6.1,50.15
2024-01-15 07:46:00,223.66,5.99,50.16
2024-01-15 07:48:00,223.61,6.13,50.15
2024-01-15 07:50:00,223.82,6.04,50.13
2024-01-15 07:52:00,222.98,6.02,50.14
2024-01-15 07:54:00,223.54,5.99,50.14
2024-01-15 07:56:00,223.43,6.12,50.14
2024-01-15 07:58:00,223.28,6.04,50.14
2024-01-15 08:00:00,223.77,6.02,50.15
2024-01-15 08:02:00,223.19,5.98,50.14
2024-01-15 08:04:00,223.23,6.0,50.15
2024-01-15 08:06:00,223.04,6.12,50.14
2024-01-15 08:08:00,223.19,6.03,50.14
2024-01-15 08:10:00,223.38,6.04,50.14
2024-01-15 08:12:00,223.5,6.02,50.14
2024-01-15 08:14:00,223.9,6.07,50.13
2024-01-15 08:16:00,222.84,6.16,50.14
2024-01-15 08:18:00,222.98,6.0,50.12
2024-01-15 08:20:00,222.27,6.04,50.12
2024-01-15 08:22:00,222.86,6.05,50.13
2024-01-15 08:24:00,222.68,6.02,50.11
2024-01-15 08:26:00,222.25,5.99,50.11
2024-01-15 08:28:00,221.67,6.03,50.11
2024-01-15 08:30:00,220.82,6.16,50.13
2024-01-15 08:32:00,221.19,6.1,50.13
2024-01-15 08:34:00,221.37,6.08,50.13
2024-01-15 08:36:00,220.79,6.09,50.14
2024-01-15 08:38:00,220.91,6.14,50.15
2024-01-15 08:40:00,220.73,6.03,50.16
2024-01-15 08:42:00,220.96,6.05,50.16
2024-01-15 08:44:00,220.85,6.1,50.17
2024-01-15 08:46:00,220.54,6.1,50.18
2024-01-15 08:48:00,219.84,6.23,50.18
2024-01-15 08:50:00,220.25,6.01,50.2
2024-01-15 08:52:00,220.12,5.98,50.18
2024-01-15 08:54:00,219.69,6.07,50.17
2024-01-15 08:56:00,219.98,6.11,50.18
2024-01-15 08:58:00,220.13,6.09,50.16
2024-01-15 09:00:00,219.6,6.03,50.15
2024-01-15 09:02:00,220.19,6.02,50.17
2024-01-15 09:04:00,219.82,6.04,50.17
2024-01-15 09:06:00,220.27,6.01,50.17
2024-01-15 09:08:00,220.68,6.13,50.15
2024-01-15 09:10:00,220.61,6.01,50.16
2024-01-15 09:12:00,220.67,6.11,50.15
2024-01-15 09:14:00,220.42,6.14,50.16
2024-01-15 09:16:00,221.01,6.15,50.14
2024-01-15 09:18:00,221.44,6.07,50.15
2024-01-15 09:20:00,221.32,6.03,50.15
2024-01-15 09:22:00,221.34,6.09,50.16
2024-01-15 09:24:00,220.98,6.02,50.14
2024-01-15 09:26:00,220.9,6.04,50.14
2024-01-15 09:28:00,220.91,5.99,50.13
2024-01-15 09:30:00,221.04,6.08,50.13
2024-01-15 09:32:00,221.02,6.07,50.12
2024-01-15 09:34:00,220.62,6.22,50.12
2024-01-15 09:36:00,220.99,6.11,50.14
2024-01-15 09:38:00,221.2,5.97,50.13
2024-01-15 09:40:00,221.28,6.08,50.13
2024-01-15 09:42:00,220.89,6.05,50.13
2024-01-15 09:44:00,220.9,6.12,50.12
2024-01-15 09:46:00,221.07,6.05,50.12
2024-01-15 09:48:00,221.05,5.99,50.12
2024-01-15 09:50:00,221.49,6.01,50.14
2024-01-15 09:52:00,221.26,6.1,50.12
2024-01-15 09:54:00,222.02,6.01,50.13
2024-01-15 09:56:00,221.83,6.06,50.13
2024-01-15 09:58:00,221.72,6.03,50.13
2024-01-15 10:00:00,221.69,6.08,50.13
2024-01-15 10:02:00,221.98,6.09,50.13
2024-01-15 10:04:00,221.89,5.99,50.13
2024-01-15 10:06:00,222.27,6.02,50.13
2024-01-15 10:08:00,222.73,6.13,50.12
2024-01-15 10:10:00,223.62,6.05,50.13
2024-01-15 10:12:00,223.5,6.04,50.13
2024-01-15 10:14:00,223.18,6.12,50.13
2024-01-15 10:16:00,223.01,5.98,50.14
2024-01-15 10:18:00,223.1,5.99,50.14
2024-01-15 10:20:00,223.27,6.01,50.14
2024-01-15 10:22:00,223.27,6.02,50.13
2024-01-15 10:24:00,223.34,5.93,50.15
2024-01-15 10:26:00,223.76,5.97,50.13
2024-01-15 10:28:00,224.16,6.01,50.13
2024-01-15 10:30:00,224.17,5.95,50.14
2024-01-15 10:32:00,224.33,6.01,50.12
2024-01-15 10:34:00,224.51,6.03,50.12
2024-01-15 10:36:00,224.84,6.06,50.12
2024-01-15 10:38:00,224.31,5.95,50.12
2024-01-15 10:40:00,224.23,6.06,50.12
2024-01-15 10:42:00,224.17,6.05,50.11
2024-01-15 10:44:00,224.39,6.02,50.12
2024-01-15 10:46:00,224.69,6.0,50.1
2024-01-15 10:48:00,224.45,6.05,50.09
2024-01-15 10:50:00,224.22,6.02,50.1
2024-01-15 10:52:00,224.38,6.1,50.11
2024-01-15 10:54:00,224.51,6.0,50.09
2024-01-15 10:56:00,224.56,6.01,50.1
2024-01-15 10:58:00,224.67,6.02,50.11
2024-01-15 11:00:00,224.58,6.05,50.12
2024-01-15 11:02:00,224.38,5.99,50.11
2024-01-15 11:04:00,223.91,6.11,50.14
2024-01-15 11:06:00,223.98,6.0,50.16
2024-01-15 11:08:00,224.19,5.98,50.15
2024-01-15 11:10:00,224.48,6.03,50.16
2024-01-15 11:12:00,224.72,5.94,50.16
2024-01-15 11:14:00,224.42,6.02,50.16
2024-01-15 11:16:00,224.26,6.0,50.16
2024-01-15 11:18:00,224.19,5.98,50.15
2024-01-15 11:20:00,223.88,6.08,50.14
2024-01-15 11:22:00,224.51,6.04,50.13
2024-01-15 11:24:00,224.3,5.91,50.13
2024-01-15 11:26:00,224.98,6.08,50.15
2024-01-15 11:28:00,225.19,5.99,50.15
2024-01-15 11:30:00,225.38,5.99,50.14
2024-01-15 11:32:00,225.36,5.93,50.15
2024-01-15 11:34:00,225.04,6.03,50.13
2024-01-15 11:36:00,224.98,6.01,50.13
2024-01-15 11:38:00,225.21,6.02,50.13
2024-01-15 11:40:00,225.0,5.97,50.12
2024-01-15 11:42:00,225.73,5.95,50.13
2024-01-15 11:44:00,225.79,5.97,50.13
2024-01-15 11:46:00,225.88,5.89,50.13
2024-01-15 11:48:00,225.88,5.97,50.11
2024-01-15 11:50:00,225.77,6.07,50.12
2024-01-15 11:52:00,225.4,6.04,50.11
2024-01-15 11:54:00,225.49,6.0,50.1
2024-01-15 11:56:00,225.86,6.02,50.09
2024-01-15 11:58:00,225.76,5.94,50.09
2024-01-15 12:00:00,225.98,5.98,50.1
2024-01-15 12:02:00,225.43,6.01,50.11
2024-01-15 12:04:00,225.47,5.92,50.1
2024-01-15 12:06:00,225.78,5.96,50.09
2024-01-15 12:08:00,225.67,5.97,50.1
2024-01-15 12:10:00,225.05,6.03,50.12
2024-01-15 12:12:00,225.39,6.11,50.11
2024-01-15 12:14:00,225.7,5.98,50.11
2024-01-15 12:16:00,224.92,5.98,50.12
2024-01-15 12:18:00,224.32,6.12,50.12
2024-01-15 12:20:00,223.93,6.03,50.13
2024-01-15 12:22:00,223.76,5.99,50.15
2024-01-15 12:24:00,223.64,6.02,50.16
2024-01-15 12:26:00,223.62,6.07,50.16
2024-01-15 12:28:00,223.37,6.05,50.15
2024-01-15 12:30:00,223.52,5.98,50.15
2024-01-15 12:32:00,223.95,5.92,50.15
2024-01-15 12:34:00,223.26,6.02,50.15
2024-01-15 12:36:00,223.14,5.93,50.16
2024-01-15 12:38:00,222.63,6.09,50.15
2024-01-15 12:40:00,222.33,6.05,50.16
2024-01-15 12:42:00,223.01,6.02,50.15
2024-01-15 12:44:00,223.13,5.97,50.16
2024-01-15 12:46:00,223.29,6.1,50.17
2024-01-15 12:48:00,223.34,6.03,50.16
2024-01-15 12:50:00,223.02,6.04,50.15
2024-01-15 12:52:00,222.93,6.02,50.15
2024-01-15 12:54:00,222.92,6.09,50.15
2024-01-15 12:56:00,222.51,6.08,50.15
2024-01-15 12:58:00,222.41,6.03,50.15
2024-01-15 13:00:00,222.32,6.08,50.16
2024-01-15 13:02:00,222.19,6.16,50.15
2024-01-15 13:04:00,222.2,5.97,50.15
2024-01-15 13:06:00,222.13,6.06,50.16
2024-01-15 13:08:00,222.71,6.1,50.16
2024-01-15 13:10:00,222.78,6.12,50.15
2024-01-15 13:12:00,223.06,5.99,50.16
2024-01-15 13:14:00,223.01,6.0,50.15
2024-01-15 13:16:00,222.83,6.09,50.17
2024-01-15 13:18:00,222.69,6.0,50.19
2024-01-15 13:20:00,222.98,6.0,50.19
2024-01-15 13:22:00,222.84,5.98,50.19
2024-01-15 13:24:00,222.36,6.03,50.18
2024-01-15 13:26:00,222.17,6.1,50.19
2024-01-15 13:28:00,221.94,6.08,50.2
2024-01-15 13:30:00,221.65,6.0,50.19
2024-01-15 13:32:00,221.79,6.14,50.2
2024-01-15 13:34:00,222.24,5.95,50.19
2024-01-15 13:36:00,221.84,6.09,50.19
2024-01-15 13:38:00,220.79,6.12,50.2
2024-01-15 13:40:00,221.5,6.08,50.2
2024-01-15 13:42:00,221.1,6.0,50.22
2024-01-15 13:44:00,221.29,6.14,50.21
2024-01-15 13:46:00,222.12,6.07,50.21
2024-01-15 13:48:00,222.01,5.98,50.2
2024-01-15 13:50:00,221.87,6.14,50.2
2024-01-15 13:52:00,222.25,6.05,50.19
2024-01-15 13:54:00,222.44,6.01,50.18
2024-01-15 13:56:00,223.15,6.07,50.17
2024-01-15 13:58:00,223.41,5.98,50.16
2024-01-15 14:00:00,223.79,6.04,50.16
2024-01-15 14:02:00,223.21,6.02,50.16
2024-01-15 14:04:00,222.8,6.05,50.17
2024-01-15 14:06:00,222.88,6.07,50.17
2024-01-15 14:08:00,222.51,6.02,50.18
2024-01-15 14:10:00,222.48,6.04,50.17
2024-01-15 14:12:00,222.03,6.13,50.17
2024-01-15 14:14:00,221.85,6.07,50.17
2024-01-15 14:16:00,221.96,6.03,50.17
2024-01-15 14:18:00,221.94,6.15,50.19
2024-01-15 14:20:00,222.21,6.05,50.19
2024-01-15 14:22:00,222.48,6.03,50.18
2024-01-15 14:24:00,221.82,6.06,50.17
2024-01-15 14:26:00,221.63,6.03,50.16
2024-01-15 14:28:00,221.86,5.91,50.17
2024-01-15 14:30:00,221.76,6.14,50.17
2024-01-15 14:32:00,221.15,5.98,50.16
2024-01-15 14:34:00,221.25,5.99,50.16
2024-01-15 14:36:00,221.49,6.04,50.15
2024-01-15 14:38:00,220.74,6.16,50.17
2024-01-15 14:40:00,221.17,6.06,50.17
2024-01-15 14:42:00,221.41,6.08,50.14
2024-01-15 14:44:00,221.73,6.13,50.15
2024-01-15 14:46:00,221.89,6.11,50.14
2024-01-15 14:48:00,221.85,6.03,50.15
2024-01-15 14:50:00,221.92,6.05,50.14
2024-01-15 14:52:00,221.55,6.01,50.15
2024-01-15 14:54:00,221.76,6.08,50.16
2024-01-15 14:56:00,221.47,5.98,50.16
2024-01-15 14:58:00,221.45,6.11,50.17
2024-01-15 15:00:00,221.43,6.08,50.18
2024-01-15 15:02:00,221.33,6.11,50.19
2024-01-15 15:04:00,220.74,6.02,50.18
2024-01-15 15:06:00,220.57,6.04,50.2
2024-01-15 15:08:00,220.04,6.09,50.19
2024-01-15 15:10:00,220.56,6.21,50.18
2024-01-15 15:12:00,220.86,6.15,50.19
2024-01-15 15:14:00,221.14,5.99,50.2
2024-01-15 15:16:00,221.26,6.06,50.2
2024-01-15 15:18:00,221.35,6.06,50.2
2024-01-15 15:20:00,221.01,6.11,50.2
2024-01-15 15:22:00,220.73,6.09,50.2
2024-01-15 15:24:00,220.91,6.08,50.2
2024-01-15 15:26:00,220.81,6.07,50.21
2024-01-15 15:28:00,220.95,6.14,50.22
2024-01-15 15:30:00,220.93,6.01,50.23
2024-01-15 15:32:00,221.12,6.09,50.23
2024-01-15 15:34:00,220.99,6.0,50.22
2024-01-15 15:36:00,219.98,6.12,50.22
2024-01-15 15:38:00,220.28,6.13,50.22
2024-01-15 15:40:00,219.99,6.06,50.24
2024-01-15 15:42:00,219.94,6.09,50.24
2024-01-15 15:44:00,219.38,6.09,50.23
2024-01-15 15:46:00,219.01,6.11,50.23
2024-01-15 15:48:00,218.57,6.11,50.23
2024-01-15 15:50:00,218.73,6.11,50.24
2024-01-15 15:52:00,218.6,6.19,50.24
2024-01-15 15:54:00,218.37,6.11,50.25
2024-01-15 15:56:00,218.18,6.04,50.25
2024-01-15 15:58:00,218.05,6.17,50.25
2024-01-15 16:00:00,218.28,6.26,50.26
2024-01-15 16:02:00,218.15,6.16,50.26
2024-01-15 16:04:00,218.25,6.06,50.27
2024-01-15 16:06:00,217.44,6.15,50.26
2024-01-15 16:08:00,217.19,6.17,50.26
2024-01-15 16:10:00,217.55,6.14,50.27
2024-01-15 16:12:00,217.53,6.11,50.28
2024-01-15 16:14:00,217.21,6.15,50.27
2024-01-15 16:16:00,216.67,6.18,50.28
2024-01-15 16:18:00,217.07,6.07,50.27
2024-01-15 16:20:00,217.46,6.18,50.28
2024-01-15 16:22:00,217.97,6.1,50.27
2024-01-15 16:24:00,218.27,6.17,50.27
2024-01-15 16:26:00,218.22,6.09,50.28
2024-01-15 16:28:00,218.93,6.18,50.29
2024-01-15 16:30:00,219.13,6.13,50.27
2024-01-15 16:32:00,218.97,6.16,50.26
2024-01-15 16:34:00,219.02,6.18,50.27
2024-01-15 16:36:00,219.35,6.13,50.28
2024-01-15 16:38:00,219.27,6.2,50.27
2024-01-15 16:40:00,219.29,6.09,50.27
2024-01-15 16:42:00,219.17,6.24,50.28
2024-01-15 16:44:00,218.82,5.99,50.27
2024-01-15 16:46:00,219.02,6.11,50.26
2024-01-15 16:48:00,218.76,6.17,50.26
2024-01-15 16:50:00,218.61,6.18,50.28
2024-01-15 16:52:00,218.22,6.19,50.28
2024-01-15 16:54:00,218.54,6.16,50.28
2024-01-15 16:56:00,218.56,6.16,50.26
2024-01-15 16:58:00,218.17,6.24,50.28
2024-01-15 17:00:00,218.51,6.12,50.26
2024-01-15 17:02:00,218.33,6.15,50.27
2024-01-15 17:04:00,218.48,6.15,50.27
2024-01-15 17:06:00,218.7,6.08,50.27
2024-01-15 17:08:00,218.62,6.2,50.24
2024-01-15 17:10:00,218.57,6.14,50.22
2024-01-15 17:12:00,218.83,6.12,50.21
2024-01-15 17:14:00,219.19,6.08,50.22
2024-01-15 17:16:00,219.25,6.09,50.21
2024-01-15 17:18:00,219.0,6.16,50.22
2024-01-15 17:20:00,219.25,6.11,50.23
2024-01-15 17:22:00,219.36,6.08,50.22
2024-01-15 17:24:00,219.25,6.08,50.22
2024-01-15 17:26:00,219.81,6.12,50.24
2024-01-15 17:28:00,219.81,6.1,50.22
2024-01-15 17:30:00,220.03,6.07,50.21
2024-01-15 17:32:00,219.68,6.12,50.21
2024-01-15 17:34:00,220.25,6.15,50.2
2024-01-15 17:36:00,219.42,6.12,50.2
2024-01-15 17:38:00,219.73,6.11,50.21
2024-01-15 17:40:00,219.91,6.04,50.2
2024-01-15 17:42:00,219.75,6.1,50.2
2024-01-15 17:44:00,220.0,6.13,50.2
2024-01-15 17:46:00,220.23,6.04,50.2
2024-01-15 17:48:00,220.54,6.1,50.21
2024-01-15 17:50:00,220.77,6.14,50.22
2024-01-15 17:52:00,221.19,6.0,50.22
2024-01-15 17:54:00,221.17,6.08,50.23
2024-01-15 17:56:00,221.22,6.08,50.23
2024-01-15 17:58:00,220.69,6.16,50.23
2024-01-15 18:00:00,221.21,6.03,50.22
2024-01-15 18:02:00,221.13,6.08,50.22
2024-01-15 18:04:00,220.85,6.1,50.23
2024-01-15 18:06:00,221.43,6.06,50.22
2024-01-15 18:08:00,221.33,6.16,50.23
2024-01-15 18:10:00,221.47,6.05,50.24
2024-01-15 18:12:00,222.26,6.05,50.22
2024-01-15 18:14:00,221.9,6.07,50.22
2024-01-15 18:16:00,222.38,6.02,50.22
2024-01-15 18:18:00,222.15,6.1,50.21
2024-01-15 18:20:00,222.07,5.98,50.2
2024-01-15 18:22:00,222.65,6.14,50.21
2024-01-15 18:24:00,222.81,6.01,50.21
2024-01-15 18:26:00,222.86,6.04,50.22
2024-01-15 18:28:00,222.53,6.18,50.24
2024-01-15 18:30:00,222.25,6.06,50.23
2024-01-15 18:32:00,222.47,6.05,50.21
2024-01-15 18:34:00,222.15,6.12,50.21
2024-01-15 18:36:00,222.07,6.09,50.22
2024-01-15 18:38:00,222.04,5.95,50.21
2024-01-15 18:40:00,221.29,6.0,50.21
2024-01-15 18:42:00,221.3,6.14,50.21
2024-01-15 18:44:00,221.0,6.14,50.23
2024-01-15 18:46:00,221.32,6.07,50.22
2024-01-15 18:48:00,220.9,6.04,50.22
2024-01-15 18:50:00,220.44,6.07,50.22
2024-01-15 18:52:00,220.88,6.0,50.22
2024-01-15 18:54:00,220.41,5.99,50.21
2024-01-15 18:56:00,220.41,6.16,50.21
2024-01-15 18:58:00,220.23,6.06,50.21
2024-01-15 19:00:00,218.99,6.08,50.21
2024-01-15 19:02:00,218.13,6.12,50.21
2024-01-15 19:04:00,218.39,6.14,50.22
2024-01-15 19:06:00,218.12,6.05,50.21
2024-01-15 19:08:00,218.07,6.2,50.2
2024-01-15 19:10:00,218.81,6.13,50.19
2024-01-15 19:12:00,218.52,6.12,50.19
2024-01-15 19:14:00,218.53,6.16,50.18
2024-01-15 19:16:00,218.56,6.11,50.2
2024-01-15 19:18:00,217.93,6.25,50.19
2024-01-15 19:20:00,217.55,6.13,50.19
2024-01-15 19:22:00,217.42,6.18,50.19
2024-01-15 19:24:00,217.2,6.11,50.2
2024-01-15 19:26:00,217.33,6.1,50.19
2024-01-15 19:28:00,216.87,6.3,50.2
2024-01-15 19:30:00,216.17,6.11,50.18
2024-01-15 19:32:00,216.27,6.09,50.17
2024-01-15 19:34:00,216.19,6.17,50.16
2024-01-15 19:36:00,216.04,6.11,50.17
2024-01-15 19:38:00,215.34,6.18,50.19
2024-01-15 19:40:00,215.21,6.13,50.19
2024-01-15 19:42:00,215.1,6.21,50.19
2024-01-15 19:44:00,215.44,6.17,50.18
2024-01-15 19:46:00,215.16,6.16,50.18
2024-01-15 19:48:00,215.0,6.15,50.18
2024-01-15 19:50:00,215.42,6.15,50.19
2024-01-15 19:52:00,215.35,6.22,50.19
2024-01-15 19:54:00,215.36,6.32,50.22
2024-01-15 19:56:00,215.27,6.15,50.22
2024-01-15 19:58:00,215.48,6.26,50.2
2024-01-15 20:00:00,215.33,6.17,50.19
2024-01-15 20:02:00,215.0,6.19,50.19
2024-01-15 20:04:00,215.0,6.2,50.2
2024-01-15 20:06:00,215.58,6.22,50.2
2024-01-15 20:08:00,215.68,6.22,50.2
2024-01-15 20:10:00,215.96,6.16,50.21
2024-01-15 20:12:00,215.78,6.15,50.21
2024-01-15 20:14:00,215.44,6.23,50.19
2024-01-15 20:16:00,215.29,6.21,50.19
2024-01-15 20:18:00,215.28,6.19,50.19
2024-01-15 20:20:00,215.0,6.18,50.19
2024-01-15 20:22:00,215.16,6.24,50.19
2024-01-15 20:24:00,215.42,6.2,50.19
2024-01-15 20:26:00,215.69,6.11,50.19
2024-01-15 20:28:00,215.45,6.24,50.19
2024-01-15 20:30:00,215.34,6.11,50.19
2024-01-15 20:32:00,215.2,6.17,50.19
2024-01-15 20:34:00,215.0,6.17,50.19
2024-01-15 20:36:00,215.51,6.2,50.19
2024-01-15 20:38:00,215.53,6.36,50.2
2024-01-15 20:40:00,215.0,6.21,50.21
2024-01-15 20:42:00,215.0,6.21,50.21
2024-01-15 20:44:00,215.0,6.27,50.2
2024-01-15 20:46:00,215.0,6.15,50.19
2024-01-15 20:48:00,215.0,6.17,50.18
2024-01-15 20:50:00,215.0,6.07,50.18
2024-01-15 20:52:00,215.34,6.17,50.18
2024-01-15 20:54:00,215.25,6.31,50.19
2024-01-15 20:56:00,215.0,6.26,50.22
2024-01-15 20:58:00,215.0,6.22,50.23
2024-01-15 21:00:00,215.0,6.11,50.23
2024-01-15 21:02:00,215.0,6.19,50.24
2024-01-15 21:04:00,215.2,6.22,50.24
2024-01-15 21:06:00,215.0,6.16,50.25
2024-01-15 21:08:00,215.79,6.24,50.25
2024-01-15 21:10:00,215.4,6.33,50.26
2024-01-15 21:12:00,215.55,6.16,50.26
2024-01-15 21:14:00,215.48,6.14,50.26
2024-01-15 21:16:00,215.62,6.26,50.24
2024-01-15 21:18:00,215.19,6.17,50.23
2024-01-15 21:20:00,215.19,6.17,50.24
2024-01-15 21:22:00,215.25,6.13,50.23
2024-01-15 21:24:00,215.0,6.26,50.23
2024-01-15 21:26:00,215.0,6.15,50.23
2024-01-15 21:28:00,215.0,6.27,50.23
2024-01-15 21:30:00,215.47,6.27,50.22
2024-01-15 21:32:00,215.41,6.16,50.21
2024-01-15 21:34:00,216.24,6.15,50.2
2024-01-15 21:36:00,215.86,6.15,50.2
2024-01-15 21:38:00,216.3,6.26,50.18
2024-01-15 21:40:00,216.85,6.25,50.17
2024-01-15 21:42:00,216.54,6.2,50.16
2024-01-15 21:44:00,217.06,6.18,50.16
2024-01-15 21:46:00,217.16,6.16,50.14
2024-01-15 21:48:00,216.82,6.13,50.14
2024-01-15 21:50:00,217.01,6.22,50.13
2024-01-15 21:52:00,216.5,6.13,50.13
2024-01-15 21:54:00,216.22,6.17,50.13
2024-01-15 21:56:00,216.07,6.2,50.14
2024-01-15 21:58:00,216.07,6.12,50.14
2024-01-15 22:00:00,216.42,6.2,50.13
2024-01-15 22:02:00,216.84,6.15,50.12
2024-01-15 22:04:00,216.83,6.09,50.13
2024-01-15 22:06:00,217.23,6.11,50.12
2024-01-15 22:08:00,217.53,6.08,50.11
2024-01-15 22:10:00,217.45,6.14,50.11
2024-01-15 22:12:00,217.41,6.09,50.1
2024-01-15 22:14:00,216.95,6.19,50.11
2024-01-15 22:16:00,216.92,6.2,50.1
2024-01-15 22:18:00,216.79,6.21,50.1
2024-01-15 22:20:00,216.85,6.16,50.09
2024-01-15 22:22:00,216.88,6.18,50.12
2024-01-15 22:24:00,216.85,6.14,50.12
2024-01-15 22:26:00,217.36,6.17,50.12
2024-01-15 22:28:00,217.09,6.12,50.12
2024-01-15 22:30:00,216.99,6.26,50.13
2024-01-15 22:32:00,217.16,6.13,50.12
2024-01-15 22:34:00,217.42,6.21,50.11
2024-01-15 22:36:00,217.17,6.12,50.11
2024-01-15 22:38:00,217.29,6.15,50.11
2024-01-15 22:40:00,217.86,6.19,50.09
2024-01-15 22:42:00,218.16,6.12,50.08
2024-01-15 22:44:00,218.42,6.15,50.08
2024-01-15 22:46:00,218.11,6.19,50.07
2024-01-15 22:48:00,218.38,6.14,50.07
2024-01-15 22:50:00,218.19,6.14,50.05
2024-01-15 22:52:00,218.62,6.11,50.05
2024-01-15 22:54:00,218.55,6.11,50.06
2024-01-15 22:56:00,217.94,6.14,50.08
2024-01-15 22:58:00,217.97,6.15,50.08
2024-01-15 23:00:00,217.74,6.17,50.07
2024-01-15 23:02:00,217.79,6.17,50.08
2024-01-15 23:04:00,217.82,6.19,50.09
2024-01-15 23:06:00,218.1,6.19,50.1
2024-01-15 23:08:00,217.68,6.28,50.1
2024-01-15 23:10:00,217.59,6.16,50.09
2024-01-15 23:12:00,217.67,6.11,50.09
2024-01-15 23:14:00,217.72,6.12,50.07
2024-01-15 23:16:00,217.82,6.14,50.07
2024-01-15 23:18:00,217.67,6.11,50.07
2024-01-15 23:20:00,217.72,6.18,50.06
2024-01-15 23:22:00,218.0,6.17,50.07
2024-01-15 23:24:00,218.64,6.04,50.09
2024-01-15 23:26:00,218.41,6.14,50.09
2024-01-15 23:28:00,217.94,6.17,50.1
2024-01-15 23:30:00,218.09,6.06,50.08
2024-01-15 23:32:00,217.85,6.21,50.09
2024-01-15 23:34:00,217.15,6.26,50.1
2024-01-15 23:36:00,216.76,6.14,50.1
2024-01-15 23:38:00,216.95,6.17,50.09
2024-01-15 23:40:00,217.41,6.24,50.09
2024-01-15 23:42:00,217.21,6.24,50.07
2024-01-15 23:44:00,216.89,6.21,50.08
2024-01-15 23:46:00,216.78,6.28,50.06
2024-01-15 23:48:00,217.16,6.16,50.05
2024-01-15 23:50:00,217.47,6.13,50.04
2024-01-15 23:52:00,217.51,6.15,50.03
2024-01-15 23:54:00,217.31,6.13,50.02
2024-01-15 23:56:00,216.72,6.21,50.0
2024-01-15 23:58:00,216.71,6.07,50.02
2024-01-16 00:00:00,216.62,6.22,50.04
2024-01-16 00:02:00,216.17,6.14,50.05
2024-01-16 00:04:00,215.95,6.2,50.05
2024-01-16 00:06:00,215.13,6.24,50.05
2024-01-16 00:08:00,215.0,6.28,50.04
2024-01-16 00:10:00,215.0,6.11,50.05
2024-01-16 00:12:00,215.01,6.11,50.05
2024-01-16 00:14:00,215.3,6.22,50.06
2024-01-16 00:16:00,215.09,6.29,50.06
2024-01-16 00:18:00,215.37,6.26,50.09
2024-01-16 00:20:00,215.0,6.16,50.09
2024-01-16 00:22:00,215.0,6.16,50.08
2024-01-16 00:24:00,215.04,6.24,50.08
2024-01-16 00:26:00,215.0,6.12,50.08
2024-01-16 00:28:00,215.0,6.18,50.08
2024-01-16 00:30:00,215.0,6.21,50.09
2024-01-16 00:32:00,215.0,6.22,50.09
2024-01-16 00:34:00,215.0,6.17,50.09
2024-01-16 00:36:00,215.76,6.15,50.08
2024-01-16 00:38:00,215.9,6.18,50.07
2024-01-16 00:40:00,215.29,6.1,50.08
2024-01-16 00:42:00,215.0,6.32,50.07
2024-01-16 00:44:00,215.27,6.14,50.08
2024-01-16 00:46:00,215.76,6.17,50.06
2024-01-16 00:48:00,215.63,6.18,50.05
2024-01-16 00:50:00,216.21,6.18,50.07
2024-01-16 00:52:00,216.59,6.25,50.05
2024-01-16 00:54:00,216.81,6.14,50.05
2024-01-16 00:56:00,216.44,6.29,50.05
2024-01-16 00:58:00,216.66,6.1,50.04
2024-01-16 01:00:00,217.04,6.18,50.03
2024-01-16 01:02:00,216.79,6.17,50.03
2024-01-16 01:04:00,216.33,6.15,50.03
2024-01-16 01:06:00,216.53,6.22,50.04
2024-01-16 01:08:00,216.64,6.19,50.04
2024-01-16 01:10:00,216.98,6.25,50.03
2024-01-16 01:12:00,216.82,6.21,50.02
2024-01-16 01:14:00,216.37,6.14,50.03
2024-01-16 01:16:00,216.2,6.19,50.02
2024-01-16 01:18:00,216.08,6.09,50.03
2024-01-16 01:20:00,216.29,6.16,50.03
2024-01-16 01:22:00,216.35,6.23,50.03
2024-01-16 01:24:00,215.88,6.28,50.04
2024-01-16 01:26:00,215.9,6.19,50.05
2024-01-16 01:28:00,215.63,6.24,50.06
2024-01-16 01:30:00,215.6,6.22,50.07
2024-01-16 01:32:00,215.68,6.13,50.08
2024-01-16 01:34:00,215.69,6.13,50.09
2024-01-16 01:36:00,215.78,6.17,50.11
2024-01-16 01:38:00,215.59,6.14,50.11
2024-01-16 01:40:00,215.53,6.16,50.12
2024-01-16 01:42:00,215.14,6.21,50.12
2024-01-16 01:44:00,215.14,6.26,50.14
2024-01-16 01:46:00,215.14,6.24,50.14
2024-01-16 01:48:00,215.16,6.22,50.15
2024-01-16 01:50:00,215.0,6.27,50.15
2024-01-16 01:52:00,215.0,6.17,50.15
2024-01-16 01:54:00,215.0,6.21,50.15
2024-01-16 01:56:00,215.0,6.28,50.14
2024-01-16 01:58:00,215.0,6.23,50.14
2024-01-16 02:00:00,215.23,6.22,50.14
2024-01-16 02:02:00,215.47,6.16,50.15
2024-01-16 02:04:00,215.12,6.16,50.14
2024-01-16 02:06:00,215.23,6.19,50.14
2024-01-16 02:08:00,215.18,6.19,50.14
2024-01-16 02:10:00,215.0,6.13,50.13
2024-01-16 02:12:00,215.0,6.27,50.12
2024-01-16 02:14:00,215.0,6.11,50.12
2024-01-16 02:16:00,215.0,6.14,50.12
2024-01-16 02:18:00,215.0,6.26,50.12
2024-01-16 02:20:00,215.59,6.2,50.11
2024-01-16 02:22:00,215.5,6.2,50.11
2024-01-16 02:24:00,215.18,6.23,50.12
2024-01-16 02:26:00,215.54,6.18,50.13
2024-01-16 02:28:00,215.65,6.17,50.12
2024-01-16 02:30:00,215.97,6.1,50.14
2024-01-16 02:32:00,216.02,6.15,50.13
2024-01-16 02:34:00,215.86,6.22,50.13
2024-01-16 02:36:00,215.7,6.16,50.14
2024-01-16 02:38:00,216.66,6.3,50.15
2024-01-16 02:40:00,216.39,6.21,50.14
2024-01-16 02:42:00,216.31,6.24,50.14
2024-01-16 02:44:00,216.21,6.15,50.13
2024-01-16 02:46:00,216.12,6.21,50.14
2024-01-16 02:48:00,216.22,6.23,50.12
2024-01-16 02:50:00,216.24,6.14,50.14
2024-01-16 02:52:00,216.15,6.21,50.15
2024-01-16 02:54:00,216.02,6.23,50.16
2024-01-16 02:56:00,216.3,6.15,50.15
2024-01-16 02:58:00,217.05,6.14,50.16
2024-01-16 03:00:00,216.88,6.27,50.15
2024-01-16 03:02:00,216.92,6.28,50.13
2024-01-16 03:04:00,217.34,6.15,50.14
2024-01-16 03:06:00,217.22,6.24,50.13
2024-01-16 03:08:00,217.23,6.2,50.13
2024-01-16 03:10:00,217.28,6.1,50.12
2024-01-16 03:12:00,218.19,6.2,50.13
2024-01-16 03:14:00,218.32,6.06,50.13
2024-01-16 03:16:00,218.65,6.1,50.13
2024-01-16 03:18:00,218.3,6.08,50.15
2024-01-16 03:20:00,219.04,6.11,50.14
2024-01-16 03:22:00,218.71,6.15,50.16
2024-01-16 03:24:00,218.47,6.14,50.17
2024-01-16 03:26:00,219.05,6.13,50.15
2024-01-16 03:28:00,219.31,6.12,50.14
2024-01-16 03:30:00,219.68,6.09,50.15
2024-01-16 03:32:00,219.73,6.09,50.14
2024-01-16 03:34:00,219.93,6.04,50.15
2024-01-16 03:36:00,219.63,6.05,50.16
2024-01-16 03:38:00,219.66,6.01,50.16
2024-01-16 03:40:00,219.88,6.13,50.15
2024-01-16 03:42:00,219.66,6.12,50.16
2024-01-16 03:44:00,219.2,6.05,50.18
2024-01-16 03:46:00,219.62,6.06,50.17
2024-01-16 03:48:00,220.36,6.14,50.17
2024-01-16 03:50:00,220.76,6.06,50.18
2024-01-16 03:52:00,220.65,6.12,50.18
2024-01-16 03:54:00,220.73,6.11,50.19
2024-01-16 03:56:00,220.89,6.09,50.2
2024-01-16 03:58:00,221.32,6.03,50.2
2024-01-16 04:00:00,220.66,6.07,50.22
2024-01-16 04:02:00,220.38,6.01,50.21
2024-01-16 04:04:00,220.63,6.08,50.2
2024-01-16 04:06:00,221.05,6.1,50.19
2024-01-16 04:08:00,220.97,6.19,50.19
2024-01-16 04:10:00,220.38,6.12,50.19
2024-01-16 04:12:00,220.85,6.06,50.19
2024-01-16 04:14:00,220.93,6.08,50.2
2024-01-16 04:16:00,221.15,6.1,50.21
2024-01-16 04:18:00,220.35,6.02,50.21
2024-01-16 04:20:00,220.39,6.04,50.21
2024-01-16 04:22:00,220.1,6.13,50.2
2024-01-16 04:24:00,220.17,6.15,50.19
2024-01-16 04:26:00,219.7,6.07,50.18
2024-01-16 04:28:00,219.72,6.02,50.2
2024-01-16 04:30:00,219.28,6.05,50.2
2024-01-16 04:32:00,219.24,6.18,50.19
2024-01-16 04:34:00,219.14,6.15,50.2
2024-01-16 04:36:00,218.46,6.13,50.22
2024-01-16 04:38:00,218.24,6.14,50.23
2024-01-16 04:40:00,218.41,6.08,50.23
2024-01-16 04:42:00,217.97,6.09,50.25
2024-01-16 04:44:00,218.27,6.22,50.25
2024-01-16 04:46:00,218.22,6.08,50.27
2024-01-16 04:48:00,218.44,6.17,50.27
2024-01-16 04:50:00,218.86,6.05,50.26
2024-01-16 04:52:00,218.55,6.15,50.26
2024-01-16 04:54:00,218.95,6.12,50.28
2024-01-16 04:56:00,219.55,6.12,50.27
2024-01-16 04:58:00,219.79,6.05,50.26
2024-01-16 05:00:00,219.65,6.09,50.26
2024-01-16 05:02:00,219.77,6.05,50.26
2024-01-16 05:04:00,219.29,6.13,50.24
2024-01-16 05:06:00,219.21,6.08,50.25
2024-01-16 05:08:00,218.92,6.08,50.25
2024-01-16 05:10:00,219.08,6.07,50.26
2024-01-16 05:12:00,219.94,6.08,50.24
2024-01-16 05:14:00,219.96,6.03,50.24
2024-01-16 05:16:00,219.78,6.14,50.22
2024-01-16 05:18:00,219.23,6.13,50.23
2024-01-16 05:20:00,218.48,6.21,50.24
2024-01-16 05:22:00,218.24,6.14,50.22
2024-01-16 05:24:00,218.49,6.09,50.22
2024-01-16 05:26:00,218.45,6.19,50.22
2024-01-16 05:28:00,218.33,6.1,50.22
2024-01-16 05:30:00,218.3,6.12,50.22
2024-01-16 05:32:00,218.2,6.06,50.22
2024-01-16 05:34:00,218.19,6.14,50.21
2024-01-16 05:36:00,217.91,6.22,50.2
2024-01-16 05:38:00,218.09,6.1,50.19
2024-01-16 05:40:00,218.06,6.17,50.18
2024-01-16 05:42:00,217.36,6.04,50.19
2024-01-16 05:44:00,217.35,6.18,50.2
2024-01-16 05:46:00,216.95,6.15,50.18
2024-01-16 05:48:00,217.28,6.17,50.19
2024-01-16 05:50:00,217.73,6.13,50.18
2024-01-16 05:52:00,217.7,6.21,50.16
2024-01-16 05:54:00,217.7,6.19,50.17
2024-01-16 05:56:00,218.08,6.06,50.18
2024-01-16 05:58:00,217.86,6.04,50.17
2024-01-16 06:00:00,217.57,6.14,50.16
2024-01-16 06:02:00,217.52,6.12,50.18
2024-01-16 06:04:00,217.58,6.16,50.18
2024-01-16 06:06:00,218.02,6.16,50.19
2024-01-16 06:08:00,218.39,6.11,50.2
2024-01-16 06:10:00,218.67,6.17,50.2
2024-01-16 06:12:00,218.2,6.13,50.2
2024-01-16 06:14:00,218.23,6.19,50.2
2024-01-16 06:16:00,218.28,6.13,50.2
2024-01-16 06:18:00,218.91,6.15,50.21
2024-01-16 06:20:00,218.55,6.05,50.21
2024-01-16 06:22:00,218.49,6.15,50.21
2024-01-16 06:24:00,218.98,6.06,50.2
2024-01-16 06:26:00,218.84,6.18,50.2
2024-01-16 06:28:00,218.64,6.13,50.19
2024-01-16 06:30:00,218.63,6.12,50.22
2024-01-16 06:32:00,218.47,6.13,50.22
2024-01-16 06:34:00,218.57,6.18,50.24
2024-01-16 06:36:00,218.29,6.16,50.24
2024-01-16 06:38:00,218.4,6.19,50.26
2024-01-16 06:40:00,218.71,6.14,50.27
2024-01-16 06:42:00,218.41,6.1,50.27
2024-01-16 06:44:00,218.82,6.11,50.27
2024-01-16 06:46:00,218.13,6.26,50.27
2024-01-16 06:48:00,217.17,6.17,50.27
2024-01-16 06:50:00,217.09,6.11,50.28
2024-01-16 06:52:00,217.36,6.18,50.27
2024-01-16 06:54:00,217.15,6.14,50.27
2024-01-16 06:56:00,217.37,6.13,50.26
2024-01-16 06:58:00,217.51,6.27,50.25
2024-01-16 07:00:00,217.27,6.15,50.26
2024-01-16 07:02:00,217.46,6.14,50.25
2024-01-16 07:04:00,218.2,6.19,50.27
2024-01-16 07:06:00,218.45,6.13,50.28
2024-01-16 07:08:00,219.08,6.14,50.26
2024-01-16 07:10:00,219.57,6.18,50.27
2024-01-16 07:12:00,219.1,6.14,50.28
2024-01-16 07:14:00,219.1,6.14,50.29
2024-01-16 07:16:00,218.81,6.15,50.28
2024-01-16 07:18:00,218.78,6.1,50.29
2024-01-16 07:20:00,219.01,6.15,50.29
2024-01-16 07:22:00,219.17,6.22,50.3
2024-01-16 07:24:00,218.83,6.1,50.3
2024-01-16 07:26:00,218.74,6.08,50.3
2024-01-16 07:28:00,218.72,6.14,50.28
2024-01-16 07:30:00,218.17,6.11,50.29
2024-01-16 07:32:00,218.34,6.18,50.28
2024-01-16 07:34:00,218.58,6.2,50.29
2024-01-16 07:36:00,218.13,6.19,50.29
2024-01-16 07:38:00,218.29,6.26,50.3
2024-01-16 07:40:00,218.51,6.13,50.29
2024-01-16 07:42:00,218.63,6.11,50.3
2024-01-16 07:44:00,218.53,6.03,50.29
2024-01-16 07:46:00,218.86,6.15,50.29
2024-01-16 07:48:00,218.9,6.08,50.28
2024-01-16 07:50:00,218.9,6.11,50.27
2024-01-16 07:52:00,218.88,6.07,50.29
2024-01-16 07:54:00,219.19,6.01,50.3
2024-01-16 07:56:00,219.06,6.09,50.3
2024-01-16 07:58:00,219.01,6.1,50.29
2024-01-16 08:00:00,219.33,6.17,50.29
2024-01-16 08:02:00,218.92,6.14,50.29
2024-01-16 08:04:00,218.91,6.17,50.3
2024-01-16 08:06:00,219.02,6.19,50.29
2024-01-16 08:08:00,218.47,6.12,50.29
2024-01-16 08:10:00,217.97,6.17,50.29
2024-01-16 08:12:00,217.34,6.23,50.28
2024-01-16 08:14:00,217.12,6.2,50.28
2024-01-16 08:16:00,217.5,6.04,50.28
2024-01-16 08:18:00,217.55,6.21,50.27
2024-01-16 08:20:00,217.43,6.16,50.28
2024-01-16 08:22:00,217.04,6.2,50.27
2024-01-16 08:24:00,217.17,6.15,50.28
2024-01-16 08:26:00,217.25,6.22,50.27
2024-01-16 08:28:00,217.14,6.21,50.29
2024-01-16 08:30:00,217.0,6.19,50.28
2024-01-16 08:32:00,217.25,6.2,50.28
2024-01-16 08:34:00,217.64,6.13,50.28
2024-01-16 08:36:00,217.77,6.1,50.26
2024-01-16 08:38:00,217.87,6.11,50.25
2024-01-16 08:40:00,218.14,6.21,50.26
2024-01-16 08:42:00,217.73,6.15,50.26
2024-01-16 08:44:00,217.43,6.16,50.26
2024-01-16 08:46:00,217.35,6.2,50.27
2024-01-16 08:48:00,217.23,6.15,50.27
2024-01-16 08:50:00,217.41,6.17,50.26
2024-01-16 08:52:00,217.37,6.08,50.24
2024-01-16 08:54:00,216.95,6.15,50.25
2024-01-16 08:56:00,216.68,6.16,50.25
2024-01-16 08:58:00,217.22,6.16,50.25
2024-01-16 09:00:00,217.01,6.25,50.26
2024-01-16 09:02:00,216.62,6.24,50.27
2024-01-16 09:04:00,216.7,6.2,50.28
2024-01-16 09:06:00,216.44,6.15,50.28
2024-01-16 09:08:00,216.0,6.22,50.28
2024-01-16 09:10:00,215.87,6.15,50.28
2024-01-16 09:12:00,215.92,6.23,50.29
2024-01-16 09:14:00,215.52,6.21,50.3
2024-01-16 09:16:00,215.45,6.18,50.29
2024-01-16 09:18:00,215.63,6.2,50.3
2024-01-16 09:20:00,215.6,6.25,50.3
2024-01-16 09:22:00,216.01,6.15,50.3
2024-01-16 09:24:00,215.81,6.16,50.3
2024-01-16 09:26:00,215.64,6.28,50.3
2024-01-16 09:28:00,215.81,6.09,50.3
2024-01-16 09:30:00,215.45,6.19,50.29
2024-01-16 09:32:00,215.53,6.27,50.28
2024-01-16 09:34:00,215.28,6.2,50.3
2024-01-16 09:36:00,215.13,6.16,50.3
2024-01-16 09:38:00,215.13,6.15,50.3
2024-01-16 09:40:00,215.0,6.2,50.28
2024-01-16 09:42:00,215.86,6.21,50.29
2024-01-16 09:44:00,216.05,6.15,50.28
2024-01-16 09:46:00,216.23,6.13,50.29
2024-01-16 09:48:00,216.96,6.09,50.3
2024-01-16 09:50:00,216.68,6.2,50.3
2024-01-16 09:52:00,217.33,6.24,50.29
2024-01-16 09:54:00,217.6,6.19,50.3
2024-01-16 09:56:00,217.77,6.17,50.29
2024-01-16 09:58:00,217.91,6.13,50.29
2024-01-16 10:00:00,217.88,6.16,50.3
2024-01-16 10:02:00,218.1,6.1,50.3
2024-01-16 10:04:00,218.19,6.17,50.3
2024-01-16 10:06:00,217.81,6.18,50.3
2024-01-16 10:08:00,218.12,6.1,50.3
2024-01-16 10:10:00,218.21,6.14,50.29
2024-01-16 10:12:00,218.3,6.21,50.3
2024-01-16 10:14:00,218.71,6.12,50.3
2024-01-16 10:16:00,218.8,6.1,50.3
2024-01-16 10:18:00,219.35,6.2,50.3
2024-01-16 10:20:00,219.46,6.07,50.3
2024-01-16 10:22:00,219.28,6.19,50.3
2024-01-16 10:24:00,218.91,6.05,50.3
2024-01-16 10:26:00,218.71,6.06,50.3
2024-01-16 10:28:00,218.71,6.14,50.3
2024-01-16 10:30:00,218.45,6.13,50.3
2024-01-16 10:32:00,218.09,6.16,50.29
2024-01-16 10:34:00,217.94,6.2,50.27
2024-01-16 10:36:00,218.68,6.06,50.25
2024-01-16 10:38:00,218.68,6.1,50.24
2024-01-16 10:40:00,218.91,6.08,50.25
2024-01-16 10:42:00,219.2,6.05,50.26
2024-01-16 10:44:00,219.47,6.19,50.26
2024-01-16 10:46:00,219.18,6.18,50.26
2024-01-16 10:48:00,219.81,6.14,50.26
2024-01-16 10:50:00,219.51,6.1,50.27
2024-01-16 10:52:00,218.98,6.1,50.25
2024-01-16 10:54:00,218.61,6.1,50.25
2024-01-16 10:56:00,218.74,6.16,50.26
2024-01-16 10:58:00,219.3,6.17,50.26
2024-01-16 11:00:00,219.38,6.08,50.26
2024-01-16 11:02:00,219.32,6.06,50.28
2024-01-16 11:04:00,219.92,6.06,50.28
2024-01-16 11:06:00,219.67,6.1,50.28
2024-01-16 11:08:00,219.45,6.12,50.26
2024-01-16 11:10:00,219.27,6.32,50.24
2024-01-16 11:12:00,219.14,6.13,50.24
2024-01-16 11:14:00,218.87,6.17,50.24
2024-01-16 11:16:00,218.65,6.17,50.24
2024-01-16 11:18:00,218.34,6.16,50.22
2024-01-16 11:20:00,218.96,6.2,50.23
2024-01-16 11:22:00,218.76,6.07,50.2
2024-01-16 11:24:00,219.32,6.07,50.21
2024-01-16 11:26:00,219.39,6.03,50.2
2024-01-16 11:28:00,218.99,6.16,50.21
2024-01-16 11:30:00,218.91,6.08,50.21
2024-01-16 11:32:00,219.3,6.04,50.23
2024-01-16 11:34:00,219.21,6.11,50.25
2024-01-16 11:36:00,219.19,6.11,50.24
2024-01-16 11:38:00,218.99,6.08,50.22
2024-01-16 11:40:00,218.26,6.12,50.21
2024-01-16 11:42:00,218.49,6.12,50.19
2024-01-16 11:44:00,219.02,6.1,50.2
2024-01-16 11:46:00,219.6,6.11,50.2
2024-01-16 11:48:00,220.1,6.08,50.21
2024-01-16 11:50:00,220.08,6.11,50.21
2024-01-16 11:52:00,219.95,6.07,50.2
2024-01-16 11:54:00,219.49,6.09,50.2
2024-01-16 11:56:00,219.64,6.1,50.21
2024-01-16 11:58:00,220.0,6.17,50.21
2024-01-16 12:00:00,219.82,6.04,50.22
2024-01-16 12:02:00,219.41,6.07,50.22
2024-01-16 12:04:00,219.31,6.19,50.22
2024-01-16 12:06:00,219.32,6.02,50.23
2024-01-16 12:08:00,218.73,6.25,50.23
2024-01-16 12:10:00,218.63,6.13,50.22
2024-01-16 12:12:00,218.86,6.1,50.21
2024-01-16 12:14:00,219.31,6.03,50.21
2024-01-16 12:16:00,219.27,6.12,50.21
2024-01-16 12:18:00,219.16,6.21,50.21
2024-01-16 12:20:00,218.89,6.15,50.21
2024-01-16 12:22:00,219.15,6.11,50.2
2024-01-16 12:24:00,218.56,6.19,50.21
2024-01-16 12:26:00,218.69,6.16,50.22
2024-01-16 12:28:00,218.1,6.14,50.21
2024-01-16 12:30:00,217.96,6.16,50.2
2024-01-16 12:32:00,218.58,6.11,50.19
2024-01-16 12:34:00,218.59,6.08,50.19
2024-01-16 12:36:00,218.92,6.17,50.19
2024-01-16 12:38:00,219.13,6.22,50.19
2024-01-16 12:40:00,218.83,6.15,50.19
2024-01-16 12:42:00,219.15,6.17,50.2
2024-01-16 12:44:00,219.34,6.15,50.21
2024-01-16 12:46:00,218.78,6.04,50.2
2024-01-16 12:48:00,219.07,6.1,50.2
2024-01-16 12:50:00,219.61,6.16,50.18
2024-01-16 12:52:00,219.87,6.11,50.17
2024-01-16 12:54:00,219.75,6.09,50.16
2024-01-16 12:56:00,219.84,6.21,50.17
2024-01-16 12:58:00,219.13,6.13,50.17
2024-01-16 13:00:00,218.78,6.06,50.18
2024-01-16 13:02:00,218.82,6.1,50.19
2024-01-16 13:04:00,219.56,6.12,50.19
2024-01-16 13:06:00,219.55,6.09,50.2
2024-01-16 13:08:00,219.48,6.14,50.21
2024-01-16 13:10:00,219.75,6.04,50.2
2024-01-16 13:12:00,220.18,6.09,50.2
2024-01-16 13:14:00,219.91,6.13,50.22
2024-01-16 13:16:00,219.96,6.13,50.23
2024-01-16 13:18:00,220.55,6.06,50.24
2024-01-16 13:20:00,220.99,6.16,50.23
2024-01-16 13:22:00,220.76,6.08,50.23
2024-01-16 13:24:00,220.66,6.11,50.22
2024-01-16 13:26:00,221.21,6.06,50.22
2024-01-16 13:28:00,220.8,6.15,50.21
2024-01-16 13:30:00,220.96,6.12,50.18
2024-01-16 13:32:00,220.5,6.07,50.2
2024-01-16 13:34:00,220.37,6.07,50.19
2024-01-16 13:36:00,220.1,6.07,50.18
2024-01-16 13:38:00,219.85,6.07,50.18
2024-01-16 13:40:00,220.18,6.04,50.17
2024-01-16 13:42:00,220.0,6.1,50.16
2024-01-16 13:44:00,220.73,6.11,50.17
2024-01-16 13:46:00,220.81,6.15,50.16
2024-01-16 13:48:00,220.62,6.05,50.16
2024-01-16 13:50:00,221.17,6.19,50.17
2024-01-16 13:52:00,221.14,6.13,50.18
2024-01-16 13:54:00,221.55,6.06,50.18
2024-01-16 13:56:00,221.32,6.06,50.18
2024-01-16 13:58:00,221.29,6.07,50.17
2024-01-16 14:00:00,222.23,6.07,50.18
2024-01-16 14:02:00,222.65,6.14,50.17
2024-01-16 14:04:00,222.46,5.96,50.15
2024-01-16 14:06:00,222.11,6.05,50.15
2024-01-16 14:08:00,223.22,6.06,50.16
2024-01-16 14:10:00,223.27,5.97,50.17
2024-01-16 14:12:00,222.71,6.04,50.17
2024-01-16 14:14:00,222.5,6.06,50.17
2024-01-16 14:16:00,222.11,6.08,50.18
2024-01-16 14:18:00,222.48,6.04,50.15
2024-01-16 14:20:00,222.51,6.11,50.14
2024-01-16 14:22:00,223.13,5.93,50.15
2024-01-16 14:24:00,223.42,6.1,50.15
2024-01-16 14:26:00,223.31,6.04,50.14
2024-01-16 14:28:00,222.61,6.04,50.15
2024-01-16 14:30:00,222.97,6.02,50.16
2024-01-16 14:32:00,222.91,6.07,50.17
2024-01-16 14:34:00,222.93,6.04,50.19
2024-01-16 14:36:00,222.34,6.06,50.17
2024-01-16 14:38:00,221.71,6.06,50.16
2024-01-16 14:40:00,222.44,6.04,50.17
2024-01-16 14:42:00,222.45,5.99,50.16
2024-01-16 14:44:00,221.98,6.08,50.17
2024-01-16 14:46:00,221.66,6.11,50.17
2024-01-16 14:48:00,221.28,6.09,50.19
2024-01-16 14:50:00,221.26,6.12,50.19
2024-01-16 14:52:00,221.37,6.03,50.19
2024-01-16 14:54:00,220.86,6.1,50.21
2024-01-16 14:56:00,221.49,6.02,50.21
2024-01-16 14:58:00,221.24,6.08,50.23
2024-01-16 15:00:00,221.55,6.04,50.22
2024-01-16 15:02:00,221.55,6.07,50.23
2024-01-16 15:04:00,221.03,6.18,50.25
2024-01-16 15:06:00,221.2,6.03,50.24
2024-01-16 15:08:00,220.87,6.03,50.23
2024-01-16 15:10:00,221.02,6.09,50.25
2024-01-16 15:12:00,220.48,6.05,50.23
2024-01-16 15:14:00,220.53,6.17,50.22
2024-01-16 15:16:00,221.01,6.11,50.23
2024-01-16 15:18:00,221.22,6.17,50.23
2024-01-16 15:20:00,221.46,6.16,50.22
2024-01-16 15:22:00,221.38,6.1,50.21
2024-01-16 15:24:00,221.07,6.18,50.2
2024-01-16 15:26:00,220.94,6.09,50.21
2024-01-16 15:28:00,220.75,6.07,50.2
2024-01-16 15:30:00,220.55,6.12,50.21
2024-01-16 15:32:00,220.91,6.08,50.21
2024-01-16 15:34:00,220.45,6.07,50.21
2024-01-16 15:36:00,220.83,5.99,50.2
2024-01-16 15:38:00,220.04,6.02,50.22
2024-01-16 15:40:00,219.59,6.11,50.23
2024-01-16 15:42:00,219.42,6.05,50.23
2024-01-16 15:44:00,219.97,6.15,50.23
2024-01-16 15:46:00,219.77,6.16,50.21
2024-01-16 15:48:00,220.1,6.07,50.2
2024-01-16 15:50:00,219.48,6.19,50.2
2024-01-16 15:52:00,219.17,6.11,50.19
2024-01-16 15:54:00,218.98,6.1,50.19
2024-01-16 15:56:00,219.25,6.04,50.2
2024-01-16 15:58:00,218.92,6.13,50.2
2024-01-16 16:00:00,218.63,6.18,50.19
2024-01-16 16:02:00,219.13,6.15,50.19
2024-01-16 16:04:00,218.71,6.18,50.18
2024-01-16 16:06:00,218.66,6.16,50.18
2024-01-16 16:08:00,218.59,6.09,50.19
2024-01-16 16:10:00,217.93,6.15,50.17
2024-01-16 16:12:00,217.63,6.17,50.17
2024-01-16 16:14:00,218.03,6.17,50.16
2024-01-16 16:16:00,217.95,6.09,50.16
2024-01-16 16:18:00,218.5,6.07,50.17
2024-01-16 16:20:00,218.62,6.07,50.16
2024-01-16 16:22:00,217.98,6.17,50.15
2024-01-16 16:24:00,217.73,6.25,50.13
2024-01-16 16:26:00,218.18,6.03,50.13
2024-01-16 16:28:00,217.58,6.11,50.12
2024-01-16 16:30:00,217.34,6.17,50.13
2024-01-16 16:32:00,217.3,6.17,50.15
2024-01-16 16:34:00,217.05,6.2,50.17
2024-01-16 16:36:00,217.69,6.23,50.18
2024-01-16 16:38:00,218.09,6.11,50.18
2024-01-16 16:40:00,218.02,6.11,50.18
2024-01-16 16:42:00,217.84,6.15,50.17
2024-01-16 16:44:00,217.65,6.21,50.17
2024-01-16 16:46:00,218.12,6.11,50.17
2024-01-16 16:48:00,218.19,6.13,50.15
2024-01-16 16:50:00,218.39,6.08,50.15
2024-01-16 16:52:00,217.64,6.11,50.15
2024-01-16 16:54:00,217.84,6.08,50.14
2024-01-16 16:56:00,218.46,6.23,50.15
2024-01-16 16:58:00,218.91,6.1,50.15
2024-01-16 17:00:00,219.12,6.07,50.16
2024-01-16 17:02:00,219.01,6.14,50.15
2024-01-16 17:04:00,218.51,6.13,50.16
2024-01-16 17:06:00,218.8,6.04,50.16
2024-01-16 17:08:00,219.04,6.13,50.17
2024-01-16 17:10:00,218.54,6.07,50.18
2024-01-16 17:12:00,218.42,6.19,50.18
2024-01-16 17:14:00,218.11,6.09,50.16
2024-01-16 17:16:00,218.35,6.13,50.17
2024-01-16 17:18:00,218.44,6.14,50.18
2024-01-16 17:20:00,218.4,6.12,50.18
2024-01-16 17:22:00,218.7,6.08,50.19
2024-01-16 17:24:00,218.72,6.11,50.19
2024-01-16 17:26:00,219.13,6.18,50.19
2024-01-16 17:28:00,219.35,6.12,50.19
2024-01-16 17:30:00,219.51,6.09,50.18
2024-01-16 17:32:00,219.36,6.03,50.16
2024-01-16 17:34:00,220.07,6.15,50.16
2024-01-16 17:36:00,220.25,6.05,50.17
2024-01-16 17:38:00,220.34,6.06,50.17
2024-01-16 17:40:00,220.21,6.14,50.16
2024-01-16 17:42:00,219.65,6.08,50.16
2024-01-16 17:44:00,219.14,6.08,50.14
2024-01-16 17:46:00,218.81,6.13,50.14
2024-01-16 17:48:00,218.99,6.17,50.15
2024-01-16 17:50:00,218.63,6.06,50.15
2024-01-16 17:52:00,218.82,6.08,50.15
2024-01-16 17:54:00,219.46,6.04,50.15
2024-01-16 17:56:00,219.82,6.09,50.16
2024-01-16 17:58:00,220.14,6.08,50.15
2024-01-16 18:00:00,220.11,6.04,50.14
2024-01-16 18:02:00,220.26,6.1,50.15
2024-01-16 18:04:00,220.34,6.05,50.14
2024-01-16 18:06:00,220.56,6.1,50.14
2024-01-16 18:08:00,220.68,6.05,50.12
2024-01-16 18:10:00,221.04,6.11,50.12
2024-01-16 18:12:00,220.73,6.07,50.1
2024-01-16 18:14:00,220.77,5.99,50.1
2024-01-16 18:16:00,220.52,6.08,50.09
2024-01-16 18:18:00,221.05,6.1,50.08
2024-01-16 18:20:00,220.99,6.16,50.07
2024-01-16 18:22:00,220.6,6.03,50.06
2024-01-16 18:24:00,221.12,6.05,50.06
2024-01-16 18:26:00,221.19,6.07,50.07
2024-01-16 18:28:00,221.48,6.09,50.07
2024-01-16 18:30:00,221.82,6.02,50.06
2024-01-16 18:32:00,221.67,6.12,50.05
2024-01-16 18:34:00,221.46,6.08,50.05
2024-01-16 18:36:00,221.33,6.1,50.05
2024-01-16 18:38:00,221.7,6.08,50.06
2024-01-16 18:40:00,221.42,6.06,50.04
2024-01-16 18:42:00,221.89,6.18,50.03
2024-01-16 18:44:00,222.02,6.07,50.02
2024-01-16 18:46:00,222.46,6.04,50.0
2024-01-16 18:48:00,222.21,5.99,50.0
2024-01-16 18:50:00,222.25,6.11,50.02
2024-01-16 18:52:00,222.92,5.99,50.03
2024-01-16 18:54:00,223.2,6.01,50.03
2024-01-16 18:56:00,223.34,6.01,50.04
2024-01-16 18:58:00,223.42,6.02,50.03
2024-01-16 19:00:00,223.82,6.03,50.03
2024-01-16 19:02:00,223.53,6.07,50.02
2024-01-16 19:04:00,222.75,6.01,50.02
2024-01-16 19:06:00,222.87,6.05,50.02
2024-01-16 19:08:00,222.93,6.18,50.02
2024-01-16 19:10:00,222.78,6.04,50.02
2024-01-16 19:12:00,222.8,6.0,50.03
2024-01-16 19:14:00,222.91,6.0,50.04
2024-01-16 19:16:00,222.24,6.16,50.06
2024-01-16 19:18:00,222.84,6.02,50.06
2024-01-16 19:20:00,222.63,6.07,50.06
2024-01-16 19:22:00,222.47,6.03,50.06
2024-01-16 19:24:00,223.49,6.1,50.06
2024-01-16 19:26:00,223.43,6.06,50.06
2024-01-16 19:28:00,223.35,5.94,50.06
2024-01-16 19:30:00,223.39,6.0,50.06
2024-01-16 19:32:00,223.43,6.0,50.07
2024-01-16 19:34:00,223.37,5.98,50.05
2024-01-16 19:36:00,223.87,6.03,50.05
2024-01-16 19:38:00,223.86,6.08,50.05
2024-01-16 19:40:00,224.4,6.02,50.03
2024-01-16 19:42:00,224.84,6.02,50.02
2024-01-16 19:44:00,224.75,5.99,50.01
2024-01-16 19:46:00,225.06,5.98,50.0
2024-01-16 19:48:00,226.57,5.91,50.0
2024-01-16 19:50:00,225.76,6.05,50.0
2024-01-16 19:52:00,226.05,5.93,49.98
2024-01-16 19:54:00,225.79,6.05,49.99
2024-01-16 19:56:00,225.22,5.87,49.98
2024-01-16 19:58:00,225.6,5.95,50.0
2024-01-16 20:00:00,225.65,6.07,49.99
2024-01-16 20:02:00,225.63,5.95,50.0
2024-01-16 20:04:00,225.83,5.9,50.01
2024-01-16 20:06:00,225.31,5.95,50.01
2024-01-16 20:08:00,224.87,5.98,50.02
2024-01-16 20:10:00,225.02,6.02,50.03
2024-01-16 20:12:00,225.47,5.93,50.03
2024-01-16 20:14:00,225.81,6.02,50.03
2024-01-16 20:16:00,225.74,6.03,50.03
2024-01-16 20:18:00,226.12,5.98,50.03
2024-01-16 20:20:00,225.5,5.98,50.02
2024-01-16 20:22:00,224.86,5.96,50.02
2024-01-16 20:24:00,224.78,6.01,50.03
2024-01-16 20:26:00,224.76,5.97,50.03
2024-01-16 20:28:00,225.03,6.0,50.0
2024-01-16 20:30:00,224.91,6.03,50.0
2024-01-16 20:32:00,224.55,5.97,49.98
2024-01-16 20:34:00,224.75,6.04,49.98
2024-01-16 20:36:00,224.62,5.95,49.98
2024-01-16 20:38:00,224.05,6.06,49.99
2024-01-16 20:40:00,224.46,6.01,49.98
2024-01-16 20:42:00,224.61,6.05,49.97
2024-01-16 20:44:00,224.58,6.02,49.98
2024-01-16 20:46:00,224.46,6.04,49.97
2024-01-16 20:48:00,225.17,5.97,49.97
2024-01-16 20:50:00,224.97,6.01,49.96
2024-01-16 20:52:00,225.35,5.95,49.96
2024-01-16 20:54:00,225.33,5.96,49.94
2024-01-16 20:56:00,225.7,5.99,49.92
2024-01-16 20:58:00,225.03,5.98,49.92
2024-01-16 21:00:00,224.95,6.07,49.9
2024-01-16 21:02:00,225.03,6.03,49.91
2024-01-16 21:04:00,225.34,6.0,49.91
2024-01-16 21:06:00,225.23,5.92,49.91
2024-01-16 21:08:00,225.09,5.96,49.92
2024-01-16 21:10:00,225.25,5.96,49.92
2024-01-16 21:12:00,225.22,6.01,49.93
2024-01-16 21:14:00,225.37,6.01,49.92
2024-01-16 21:16:00,225.11,6.02,49.91
2024-01-16 21:18:00,224.99,5.96,49.91
2024-01-16 21:20:00,224.91,6.01,49.91
2024-01-16 21:22:00,225.25,6.05,49.91
2024-01-16 21:24:00,225.04,5.96,49.91
2024-01-16 21:26:00,224.7,6.03,49.92
2024-01-16 21:28:00,224.16,6.02,49.93
2024-01-16 21:30:00,223.65,6.1,49.92
2024-01-16 21:32:00,223.43,6.06,49.93
2024-01-16 21:34:00,223.4,5.99,49.92
2024-01-16 21:36:00,223.37,6.02,49.91
2024-01-16 21:38:00,223.28,6.05,49.92
2024-01-16 21:40:00,223.35,6.02,49.91
2024-01-16 21:42:00,223.09,6.05,49.91
2024-01-16 21:44:00,223.01,6.09,49.91
2024-01-16 21:46:00,222.84,6.01,49.91
2024-01-16 21:48:00,223.01,6.01,49.91
2024-01-16 21:50:00,222.71,6.04,49.91
2024-01-16 21:52:00,223.54,5.96,49.91
2024-01-16 21:54:00,223.27,6.1,49.91
2024-01-16 21:56:00,223.63,6.04,49.89
2024-01-16 21:58:00,223.7,6.05,49.9
2024-01-16 22:00:00,223.62,6.16,49.92
2024-01-16 22:02:00,223.74,5.96,49.91
2024-01-16 22:04:00,223.64,6.02,49.9
2024-01-16 22:06:00,223.45,5.93,49.88
2024-01-16 22:08:00,223.46,6.11,49.86
2024-01-16 22:10:00,223.38,6.03,49.87
2024-01-16 22:12:00,223.2,5.98,49.87
2024-01-16 22:14:00,222.52,6.07,49.87
2024-01-16 22:16:00,222.61,6.11,49.86
2024-01-16 22:18:00,222.48,6.03,49.88
2024-01-16 22:20:00,222.43,6.04,49.88
2024-01-16 22:22:00,222.91,6.01,49.89
2024-01-16 22:24:00,222.64,6.01,49.89
2024-01-16 22:26:00,223.06,6.02,49.89
2024-01-16 22:28:00,223.29,6.03,49.9
2024-01-16 22:30:00,222.72,5.99,49.9
2024-01-16 22:32:00,222.88,6.04,49.9
2024-01-16 22:34:00,223.09,5.98,49.9
2024-01-16 22:36:00,223.46,6.01,49.89
2024-01-16 22:38:00,223.77,6.11,49.9
2024-01-16 22:40:00,223.46,6.03,49.89
2024-01-16 22:42:00,223.71,6.02,49.88
2024-01-16 22:44:00,223.78,5.99,49.86
2024-01-16 22:46:00,224.04,6.03,49.86
2024-01-16 22:48:00,224.49,5.97,49.86
2024-01-16 22:50:00,224.62,6.05,49.86
2024-01-16 22:52:00,224.42,6.0,49.85
2024-01-16 22:54:00,224.31,6.0,49.86
2024-01-16 22:56:00,224.07,6.07,49.86
2024-01-16 22:58:00,223.77,6.04,49.86
2024-01-16 23:00:00,223.61,6.1,49.85
2024-01-16 23:02:00,223.45,6.08,49.86
2024-01-16 23:04:00,223.71,6.0,49.86
2024-01-16 23:06:00,223.23,5.94,49.85
2024-01-16 23:08:00,223.24,6.16,49.87
2024-01-16 23:10:00,222.86,6.09,49.85
2024-01-16 23:12:00,223.4,6.01,49.85
2024-01-16 23:14:00,223.75,6.0,49.86
2024-01-16 23:16:00,223.55,6.07,49.87
2024-01-16 23:18:00,223.79,5.97,49.85
2024-01-16 23:20:00,223.46,6.01,49.85
2024-01-16 23:22:00,223.29,5.93,49.84
2024-01-16 23:24:00,223.31,6.02,49.84
2024-01-16 23:26:00,223.15,6.04,49.83
2024-01-16 23:28:00,223.06,6.02,49.81
2024-01-16 23:30:00,223.0,5.94,49.81
2024-01-16 23:32:00,223.11,6.06,49.81
2024-01-16 23:34:00,223.19,6.07,49.81
2024-01-16 23:36:00,223.61,5.92,49.82
2024-01-16 23:38:00,222.84,6.01,49.82
2024-01-16 23:40:00,223.06,5.99,49.82
2024-01-16 23:42:00,222.85,6.09,49.82
2024-01-16 23:44:00,222.63,6.07,49.83
2024-01-16 23:46:00,222.56,6.08,49.84
2024-01-16 23:48:00,221.83,6.12,49.86
2024-01-16 23:50:00,221.99,6.04,49.84
2024-01-16 23:52:00,222.0,6.04,49.83
2024-01-16 23:54:00,221.77,6.06,49.83
2024-01-16 23:56:00,221.41,5.95,49.83
2024-01-16 23:58:00,221.09,6.06,49.81
2024-01-17 00:00:00,220.98,6.1,49.8
2024-01-17 00:02:00,221.02,6.06,49.78
2024-01-17 00:04:00,221.04,6.04,49.77
2024-01-17 00:06:00,221.28,6.09,49.76
2024-01-17 00:08:00,221.23,6.08,49.75
2024-01-17 00:10:00,220.83,6.03,49.75
2024-01-17 00:12:00,221.38,6.1,49.75
2024-01-17 00:14:00,221.02,6.12,49.75
2024-01-17 00:16:00,220.66,6.12,49.76
2024-01-17 00:18:00,220.92,6.2,49.75
2024-01-17 00:20:00,220.76,6.04,49.75
2024-01-17 00:22:00,221.25,6.02,49.74
2024-01-17 00:24:00,221.69,6.09,49.73
2024-01-17 00:26:00,221.66,5.98,49.73
2024-01-17 00:28:00,221.69,6.07,49.75
2024-01-17 00:30:00,221.95,6.0,49.75
2024-01-17 00:32:00,221.92,6.15,49.74
2024-01-17 00:34:00,221.97,6.07,49.73
2024-01-17 00:36:00,221.43,6.06,49.74
2024-01-17 00:38:00,220.98,6.08,49.73
2024-01-17 00:40:00,220.3,6.11,49.74
2024-01-17 00:42:00,220.53,6.13,49.74
2024-01-17 00:44:00,220.67,6.1,49.71
2024-01-17 00:46:00,220.15,6.06,49.71
2024-01-17 00:48:00,220.24,6.13,49.72
2024-01-17 00:50:00,220.31,6.12,49.73
2024-01-17 00:52:00,220.45,6.09,49.74
2024-01-17 00:54:00,220.74,6.16,49.73
2024-01-17 00:56:00,220.16,6.11,49.71
2024-01-17 00:58:00,220.07,6.19,49.71
2024-01-17 01:00:00,220.08,6.08,49.73
2024-01-17 01:02:00,220.23,6.07,49.74
2024-01-17 01:04:00,220.29,6.07,49.72
2024-01-17 01:06:00,220.34,6.07,49.72
2024-01-17 01:08:00,220.21,6.0,49.74
2024-01-17 01:10:00,219.97,6.13,49.74
2024-01-17 01:12:00,219.01,6.11,49.74
2024-01-17 01:14:00,218.82,6.2,49.76
2024-01-17 01:16:00,218.92,6.14,49.75
2024-01-17 01:18:00,218.52,6.1,49.77
2024-01-17 01:20:00,218.32,6.2,49.76
2024-01-17 01:22:00,217.99,6.12,49.76
2024-01-17 01:24:00,217.73,6.22,49.76
2024-01-17 01:26:00,217.66,6.15,49.77
2024-01-17 01:28:00,217.67,6.16,49.78
2024-01-17 01:30:00,217.3,6.11,49.78
2024-01-17 01:32:00,217.05,6.15,49.77
2024-01-17 01:34:00,216.75,6.22,49.76
2024-01-17 01:36:00,216.59,6.13,49.75
2024-01-17 01:38:00,216.22,6.11,49.75
2024-01-17 01:40:00,216.18,6.21,49.75
2024-01-17 01:42:00,215.83,6.16,49.74
2024-01-17 01:44:00,215.6,6.17,49.75
2024-01-17 01:46:00,215.84,6.26,49.74
2024-01-17 01:48:00,215.44,6.17,49.75
2024-01-17 01:50:00,215.0,6.21,49.75
2024-01-17 01:52:00,215.22,6.22,49.75
2024-01-17 01:54:00,215.39,6.33,49.77
2024-01-17 01:56:00,215.68,6.16,49.77
2024-01-17 01:58:00,216.08,6.24,49.76
2024-01-17 02:00:00,215.38,6.1,49.77
2024-01-17 02:02:00,215.86,6.18,49.77
2024-01-17 02:04:00,216.48,6.27,49.78
2024-01-17 02:06:00,216.47,6.15,49.78
2024-01-17 02:08:00,216.2,6.21,49.78
2024-01-17 02:10:00,215.92,6.24,49.78
2024-01-17 02:12:00,216.01,6.17,49.79
2024-01-17 02:14:00,215.88,6.32,49.81
2024-01-17 02:16:00,215.6,6.18,49.8
2024-01-17 02:18:00,215.0,6.29,49.8
2024-01-17 02:20:00,215.0,6.11,49.8
2024-01-17 02:22:00,215.13,6.22,49.81
2024-01-17 02:24:00,215.44,6.13,49.8
2024-01-17 02:26:00,215.78,6.15,49.79
2024-01-17 02:28:00,215.3,6.24,49.8
2024-01-17 02:30:00,215.34,6.15,49.8
2024-01-17 02:32:00,215.29,6.17,49.8
2024-01-17 02:34:00,215.12,6.22,49.81
2024-01-17 02:36:00,215.0,6.3,49.81
2024-01-17 02:38:00,215.0,6.13,49.83
2024-01-17 02:40:00,215.06,6.23,49.83
2024-01-17 02:42:00,215.44,6.25,49.82
2024-01-17 02:44:00,215.62,6.12,49.81
2024-01-17 02:46:00,215.51,6.1,49.8
2024-01-17 02:48:00,215.0,6.2,49.82
2024-01-17 02:50:00,215.01,6.2,49.82
2024-01-17 02:52:00,215.35,6.19,49.81
2024-01-17 02:54:00,215.41,6.27,49.79
2024-01-17 02:56:00,215.08,6.19,49.79
2024-01-17 02:58:00,215.23,6.15,49.78
2024-01-17 03:00:00,215.25,6.2,49.81
2024-01-17 03:02:00,215.52,6.11,49.8
2024-01-17 03:04:00,215.05,6.28,49.79
2024-01-17 03:06:00,215.25,6.22,49.77
2024-01-17 03:08:00,215.11,6.18,49.76
2024-01-17 03:10:00,215.73,6.19,49.77
2024-01-17 03:12:00,216.5,6.18,49.78
2024-01-17 03:14:00,216.23,6.24,49.78
2024-01-17 03:16:00,216.08,6.14,49.78
2024-01-17 03:18:00,216.3,6.18,49.78
2024-01-17 03:20:00,216.22,6.2,49.79
2024-01-17 03:22:00,216.65,6.21,49.79
2024-01-17 03:24:00,216.79,6.11,49.8
2024-01-17 03:26:00,216.7,6.16,49.8
2024-01-17 03:28:00,216.39,6.13,49.78
2024-01-17 03:30:00,216.31,6.22,49.78
2024-01-17 03:32:00,216.54,6.19,49.78
2024-01-17 03:34:00,216.98,6.21,49.79
2024-01-17 03:36:00,217.12,6.14,49.78
2024-01-17 03:38:00,217.11,6.23,49.8
2024-01-17 03:40:00,216.61,6.18,49.77
2024-01-17 03:42:00,216.45,6.14,49.78
2024-01-17 03:44:00,216.07,6.1,49.77
2024-01-17 03:46:00,216.07,6.09,49.78
2024-01-17 03:48:00,216.0,6.18,49.79
2024-01-17 03:50:00,215.74,6.26,49.79
2024-01-17 03:52:00,216.02,6.2,49.8
2024-01-17 03:54:00,216.04,6.16,49.82
2024-01-17 03:56:00,216.04,6.12,49.84
2024-01-17 03:58:00,215.93,6.1,49.83
2024-01-17 04:00:00,215.24,6.16,49.84
2024-01-17 04:02:00,215.4,6.19,49.84
2024-01-17 04:04:00,215.36,6.25,49.82
2024-01-17 04:06:00,216.38,6.13,49.82
2024-01-17 04:08:00,216.33,6.16,49.81
2024-01-17 04:10:00,216.63,6.22,49.82
2024-01-17 04:12:00,216.67,6.14,49.82
2024-01-17 04:14:00,216.64,6.12,49.82
2024-01-17 04:16:00,217.27,6.15,49.83
2024-01-17 04:18:00,217.04,6.2,49.82
2024-01-17 04:20:00,216.89,6.19,49.81
2024-01-17 04:22:00,217.04,6.21,49.81
2024-01-17 04:24:00,217.35,6.09,49.82
2024-01-17 04:26:00,217.19,6.18,49.83
2024-01-17 04:28:00,216.14,6.15,49.81
2024-01-17 04:30:00,215.71,6.16,49.82
2024-01-17 04:32:00,215.99,6.22,49.82
2024-01-17 04:34:00,215.52,6.23,49.82
2024-01-17 04:36:00,215.68,6.14,49.81
2024-01-17 04:38:00,215.66,6.2,49.81
2024-01-17 04:40:00,215.89,6.12,49.82
2024-01-17 04:42:00,215.63,6.09,49.82
2024-01-17 04:44:00,215.48,6.14,49.84
2024-01-17 04:46:00,215.75,6.21,49.83
2024-01-17 04:48:00,215.56,6.16,49.81
2024-01-17 04:50:00,215.66,6.2,49.81
2024-01-17 04:52:00,215.73,6.13,49.8
2024-01-17 04:54:00,215.62,6.26,49.81
2024-01-17 04:56:00,215.81,6.28,49.82
2024-01-17 04:58:00,216.03,6.25,49.82
2024-01-17 05:00:00,216.6,6.17,49.82
2024-01-17 05:02:00,216.57,6.18,49.81
2024-01-17 05:04:00,216.32,6.15,49.8
2024-01-17 05:06:00,216.12,6.21,49.8
2024-01-17 05:08:00,215.63,6.2,49.8
2024-01-17 05:10:00,215.99,6.17,49.79
2024-01-17 05:12:00,215.82,6.12,49.77
2024-01-17 05:14:00,215.8,6.21,49.77
2024-01-17 05:16:00,215.35,6.13,49.77
2024-01-17 05:18:00,215.95,6.25,49.77
2024-01-17 05:20:00,216.02,6.23,49.77
2024-01-17 05:22:00,215.55,6.05,49.77
2024-01-17 05:24:00,215.48,6.11,49.76
2024-01-17 05:26:00,215.39,6.16,49.77
2024-01-17 05:28:00,215.89,6.14,49.79
2024-01-17 05:30:00,216.45,6.19,49.78
2024-01-17 05:32:00,216.5,6.06,49.77
2024-01-17 05:34:00,216.59,6.19,49.77
2024-01-17 05:36:00,216.61,6.12,49.78
2024-01-17 05:38:00,217.12,6.19,49.78
2024-01-17 05:40:00,216.83,6.21,49.78
2024-01-17 05:42:00,216.48,6.22,49.78
2024-01-17 05:44:00,216.18,6.22,49.77
2024-01-17 05:46:00,216.22,6.24,49.78
2024-01-17 05:48:00,216.34,6.11,49.77
2024-01-17 05:50:00,217.19,6.2,49.77
2024-01-17 05:52:00,216.75,6.07,49.78
2024-01-17 05:54:00,217.18,6.15,49.78
2024-01-17 05:56:00,217.58,6.07,49.8
2024-01-17 05:58:00,217.83,6.08,49.81
2024-01-17 06:00:00,217.6,6.08,49.82
2024-01-17 06:02:00,217.21,6.09,49.82
2024-01-17 06:04:00,217.17,6.21,49.82
2024-01-17 06:06:00,217.04,6.06,49.82
2024-01-17 06:08:00,217.03,6.22,49.83
2024-01-17 06:10:00,217.15,6.12,49.83
2024-01-17 06:12:00,217.34,6.15,49.84
2024-01-17 06:14:00,217.8,6.13,49.84
2024-01-17 06:16:00,217.52,6.14,49.85
2024-01-17 06:18:00,217.33,6.14,49.84
2024-01-17 06:20:00,217.13,6.19,49.84
2024-01-17 06:22:00,216.73,6.18,49.84
2024-01-17 06:24:00,217.12,6.15,49.83
2024-01-17 06:26:00,217.46,6.1,49.81
2024-01-17 06:28:00,217.1,6.13,49.79
2024-01-17 06:30:00,216.49,6.21,49.79
2024-01-17 06:32:00,216.43,6.17,49.8
2024-01-17 06:34:00,216.15,6.21,49.8
2024-01-17 06:36:00,215.81,6.21,49.8
2024-01-17 06:38:00,215.44,6.14,49.8
2024-01-17 06:40:00,215.8,6.2,49.81
2024-01-17 06:42:00,216.23,6.16,49.81
2024-01-17 06:44:00,216.47,6.11,49.83
2024-01-17 06:46:00,216.94,6.12,49.85
2024-01-17 06:48:00,217.22,6.15,49.83
2024-01-17 06:50:00,217.19,6.18,49.84
2024-01-17 06:52:00,216.73,6.13,49.84
2024-01-17 06:54:00,216.94,6.21,49.84
2024-01-17 06:56:00,216.93,6.19,49.85
2024-01-17 06:58:00,216.39,6.25,49.85
2024-01-17 07:00:00,216.54,6.1,49.86
2024-01-17 07:02:00,216.39,6.21,49.87
2024-01-17 07:04:00,216.27,6.23,49.86
2024-01-17 07:06:00,216.29,6.26,49.86
2024-01-17 07:08:00,216.61,6.17,49.86
2024-01-17 07:10:00,216.18,6.17,49.87
2024-01-17 07:12:00,215.8,6.14,49.87
2024-01-17 07:14:00,216.08,6.28,49.87
2024-01-17 07:16:00,216.0,6.22,49.87
2024-01-17 07:18:00,215.91,6.18,49.87
2024-01-17 07:20:00,215.5,6.18,49.88
2024-01-17 07:22:00,215.25,6.12,49.87
2024-01-17 07:24:00,215.44,6.21,49.89
2024-01-17 07:26:00,215.81,6.2,49.89
2024-01-17 07:28:00,215.55,6.22,49.89
2024-01-17 07:30:00,215.85,6.2,49.89
2024-01-17 07:32:00,215.46,6.17,49.89
2024-01-17 07:34:00,215.17,6.19,49.9
2024-01-17 07:36:00,215.59,6.21,49.91
2024-01-17 07:38:00,215.14,6.26,49.9
2024-01-17 07:40:00,215.15,6.16,49.91
2024-01-17 07:42:00,215.0,6.11,49.9
2024-01-17 07:44:00,215.0,6.17,49.89
2024-01-17 07:46:00,215.24,6.19,49.91
2024-01-17 07:48:00,215.32,6.24,49.92
2024-01-17 07:50:00,215.01,6.17,49.93
2024-01-17 07:52:00,215.0,6.22,49.92
2024-01-17 07:54:00,215.0,6.19,49.94
2024-01-17 07:56:00,215.0,6.14,49.92
2024-01-17 07:58:00,215.0,6.17,49.92
2024-01-17 08:00:00,215.0,6.22,49.91
2024-01-17 08:02:00,215.73,6.22,49.92
2024-01-17 08:04:00,215.95,6.13,49.92
2024-01-17 08:06:00,215.88,6.16,49.91
2024-01-17 08:08:00,216.17,6.17,49.92
2024-01-17 08:10:00,215.58,6.1,49.91
2024-01-17 08:12:00,216.16,6.28,49.92
2024-01-17 08:14:00,216.02,6.2,49.93
2024-01-17 08:16:00,216.67,6.11,49.93
2024-01-17 08:18:00,216.55,6.2,49.93
2024-01-17 08:20:00,216.2,6.2,49.92
2024-01-17 08:22:00,216.19,6.18,49.94
2024-01-17 08:24:00,216.3,6.17,49.95
2024-01-17 08:26:00,215.99,6.19,49.96
2024-01-17 08:28:00,216.2,6.15,49.96
2024-01-17 08:30:00,216.44,6.13,49.95
2024-01-17 08:32:00,216.32,6.29,49.95
2024-01-17 08:34:00,216.44,6.15,49.94
2024-01-17 08:36:00,216.68,6.1,49.95
2024-01-17 08:38:00,216.32,6.14,49.96
2024-01-17 08:40:00,216.58,6.18,49.95
2024-01-17 08:42:00,216.02,6.18,49.94
2024-01-17 08:44:00,216.87,6.17,49.93
2024-01-17 08:46:00,216.75,6.2,49.94
2024-01-17 08:48:00,216.64,6.16,49.95
2024-01-17 08:50:00,216.32,6.19,49.95
2024-01-17 08:52:00,216.5,6.17,49.93
2024-01-17 08:54:00,216.58,6.12,49.95
2024-01-17 08:56:00,217.2,6.1,49.94
2024-01-17 08:58:00,216.39,6.21,49.94
2024-01-17 09:00:00,216.48,6.14,49.92
2024-01-17 09:02:00,216.56,6.23,49.92
2024-01-17 09:04:00,216.2,6.17,49.93
2024-01-17 09:06:00,216.13,6.12,49.95
2024-01-17 09:08:00,215.6,6.3,49.94
2024-01-17 09:10:00,215.91,6.19,49.94
2024-01-17 09:12:00,216.38,6.2,49.94
2024-01-17 09:14:00,216.63,6.16,49.91
2024-01-17 09:16:00,216.03,6.18,49.91
2024-01-17 09:18:00,216.0,6.16,49.9
2024-01-17 09:20:00,215.52,6.15,49.91
2024-01-17 09:22:00,215.23,6.25,49.9
2024-01-17 09:24:00,215.65,6.16,49.89
2024-01-17 09:26:00,215.54,6.22,49.9
2024-01-17 09:28:00,215.59,6.18,49.89
2024-01-17 09:30:00,215.98,6.18,49.9
2024-01-17 09:32:00,216.05,6.16,49.92
2024-01-17 09:34:00,216.48,6.14,49.94
2024-01-17 09:36:00,216.8,6.11,49.95
2024-01-17 09:38:00,216.95,6.17,49.96
2024-01-17 09:40:00,217.07,6.06,49.95
2024-01-17 09:42:00,216.77,6.26,49.95
2024-01-17 09:44:00,216.96,6.17,49.94
2024-01-17 09:46:00,216.45,6.22,49.96
2024-01-17 09:48:00,216.68,6.14,49.96
2024-01-17 09:50:00,216.93,6.16,49.95
2024-01-17 09:52:00,216.74,6.13,49.95
2024-01-17 09:54:00,216.18,6.21,49.93
2024-01-17 09:56:00,216.56,6.14,49.93
2024-01-17 09:58:00,216.75,6.15,49.93
2024-01-17 10:00:00,216.85,6.27,49.93
2024-01-17 10:02:00,216.59,6.15,49.93
2024-01-17 10:04:00,216.23,6.21,49.93
2024-01-17 10:06:00,216.34,6.04,49.93
2024-01-17 10:08:00,216.13,6.13,49.92
2024-01-17 10:10:00,215.81,6.16,49.93
2024-01-17 10:12:00,215.65,6.24,49.93
2024-01-17 10:14:00,216.29,6.15,49.93
2024-01-17 10:16:00,216.73,6.2,49.93
2024-01-17 10:18:00,216.56,6.07,49.93
2024-01-17 10:20:00,216.23,6.15,49.93
2024-01-17 10:22:00,215.69,6.14,49.93
2024-01-17 10:24:00,215.24,6.19,49.92
2024-01-17 10:26:00,215.43,6.22,49.93
2024-01-17 10:28:00,215.86,6.2,49.92
2024-01-17 10:30:00,215.86,6.21,49.92
2024-01-17 10:32:00,216.45,6.24,49.92
2024-01-17 10:34:00,216.71,6.09,49.92
2024-01-17 10:36:00,216.26,6.17,49.91
2024-01-17 10:38:00,216.04,6.14,49.91
2024-01-17 10:40:00,215.84,6.21,49.91
2024-01-17 10:42:00,215.82,6.2,49.91
2024-01-17 10:44:00,215.45,6.18,49.91
2024-01-17 10:46:00,215.14,6.15,49.9
2024-01-17 10:48:00,215.21,6.18,49.9
2024-01-17 10:50:00,215.0,6.2,49.9
2024-01-17 10:52:00,215.09,6.27,49.89
2024-01-17 10:54:00,215.26,6.21,49.9
2024-01-17 10:56:00,215.15,6.24,49.89
2024-01-17 10:58:00,215.0,6.19,49.89
2024-01-17 11:00:00,215.13,6.21,49.89
2024-01-17 11:02:00,215.59,6.18,49.9
2024-01-17 11:04:00,215.22,6.19,49.9
2024-01-17 11:06:00,215.0,6.2,49.9
2024-01-17 11:08:00,215.21,6.22,49.89
2024-01-17 11:10:00,215.63,6.16,49.88
2024-01-17 11:12:00,215.8,6.23,49.88
2024-01-17 11:14:00,215.78,6.23,49.87
2024-01-17 11:16:00,215.0,6.23,49.88
2024-01-17 11:18:00,215.0,6.2,49.87
2024-01-17 11:20:00,215.05,6.1,49.86
2024-01-17 11:22:00,215.2,6.19,49.87
2024-01-17 11:24:00,215.41,6.14,49.88
2024-01-17 11:26:00,216.01,6.18,49.88
2024-01-17 11:28:00,216.29,6.17,49.86
2024-01-17 11:30:00,216.49,6.21,49.88
2024-01-17 11:32:00,216.1,6.13,49.87
2024-01-17 11:34:00,216.05,6.21,49.86
2024-01-17 11:36:00,216.38,6.22,49.87
2024-01-17 11:38:00,216.27,6.06,49.89
2024-01-17 11:40:00,216.06,6.21,49.89
2024-01-17 11:42:00,216.46,6.17,49.89
2024-01-17 11:44:00,216.52,6.19,49.87
2024-01-17 11:46:00,217.18,6.15,49.88
2024-01-17 11:48:00,217.71,6.15,49.87
2024-01-17 11:50:00,217.35,6.13,49.87
2024-01-17 11:52:00,217.5,6.21,49.86
2024-01-17 11:54:00,217.58,6.18,49.86
2024-01-17 11:56:00,216.73,6.15,49.87
2024-01-17 11:58:00,216.45,6.11,49.88
2024-01-17 12:00:00,216.55,6.18,49.87
2024-01-17 12:02:00,216.09,6.23,49.91
2024-01-17 12:04:00,215.53,6.24,49.9
2024-01-17 12:06:00,215.64,6.18,49.93
2024-01-17 12:08:00,215.36,6.16,49.93
2024-01-17 12:10:00,215.55,6.26,49.93
2024-01-17 12:12:00,215.63,6.17,49.94
2024-01-17 12:14:00,215.38,6.2,49.93
2024-01-17 12:16:00,215.04,6.28,49.92
2024-01-17 12:18:00,215.0,6.12,49.92
2024-01-17 12:20:00,215.15,6.15,49.9
2024-01-17 12:22:00,215.02,6.19,49.9
2024-01-17 12:24:00,215.58,6.21,49.9
2024-01-17 12:26:00,215.69,6.2,49.9
2024-01-17 12:28:00,215.36,6.32,49.9
2024-01-17 12:30:00,215.37,6.19,49.89
2024-01-17 12:32:00,215.43,6.13,49.9
2024-01-17 12:34:00,215.34,6.25,49.9
2024-01-17 12:36:00,215.48,6.15,49.9
2024-01-17 12:38:00,215.75,6.19,49.89
2024-01-17 12:40:00,216.09,6.22,49.88
2024-01-17 12:42:00,216.13,6.22,49.87
2024-01-17 12:44:00,215.67,6.13,49.87
2024-01-17 12:46:00,216.0,6.13,49.86
2024-01-17 12:48:00,215.89,6.22,49.88
2024-01-17 12:50:00,215.92,6.15,49.87
2024-01-17 12:52:00,216.4,6.11,49.87
2024-01-17 12:54:00,216.86,6.15,49.86
2024-01-17 12:56:00,217.05,6.16,49.86
2024-01-17 12:58:00,217.25,6.18,49.87
2024-01-17 13:00:00,217.49,6.22,49.86
2024-01-17 13:02:00,217.39,6.19,49.86
2024-01-17 13:04:00,216.95,6.18,49.85
2024-01-17 13:06:00,217.69,6.2,49.86
2024-01-17 13:08:00,217.71,6.16,49.86
2024-01-17 13:10:00,217.42,6.11,49.88
2024-01-17 13:12:00,217.55,6.08,49.89
2024-01-17 13:14:00,218.47,6.05,49.9
2024-01-17 13:16:00,218.08,6.2,49.88
2024-01-17 13:18:00,218.11,6.16,49.86
2024-01-17 13:20:00,218.26,6.11,49.88
2024-01-17 13:22:00,217.76,6.19,49.88
2024-01-17 13:24:00,218.22,6.2,49.88
2024-01-17 13:26:00,218.2,6.18,49.88
2024-01-17 13:28:00,218.16,6.1,49.89
2024-01-17 13:30:00,217.77,6.18,49.9
2024-01-17 13:32:00,217.48,6.13,49.89
2024-01-17 13:34:00,217.85,6.15,49.89
2024-01-17 13:36:00,218.08,6.11,49.88
2024-01-17 13:38:00,217.69,6.19,49.87
2024-01-17 13:40:00,218.19,6.15,49.87
2024-01-17 13:42:00,218.18,6.22,49.86
2024-01-17 13:44:00,217.74,6.19,49.85
2024-01-17 13:46:00,217.48,6.13,49.86
2024-01-17 13:48:00,217.76,6.14,49.86
2024-01-17 13:50:00,217.9,6.09,49.85
2024-01-17 13:52:00,217.18,6.23,49.85
2024-01-17 13:54:00,217.19,6.18,49.84
2024-01-17 13:56:00,216.89,6.12,49.81
2024-01-17 13:58:00,216.87,6.28,49.8
2024-01-17 14:00:00,216.69,6.15,49.81
2024-01-17 14:02:00,217.0,6.12,49.81
2024-01-17 14:04:00,216.97,6.18,49.82
2024-01-17 14:06:00,216.63,6.14,49.82
2024-01-17 14:08:00,216.58,6.21,49.82
2024-01-17 14:10:00,216.93,6.06,49.82
2024-01-17 14:12:00,216.48,6.23,49.82
2024-01-17 14:14:00,216.36,6.13,49.83
2024-01-17 14:16:00,216.56,6.15,49.83
2024-01-17 14:18:00,216.64,6.17,49.84
2024-01-17 14:20:00,217.27,6.17,49.84
2024-01-17 14:22:00,217.6,6.1,49.84
2024-01-17 14:24:00,217.46,6.17,49.84
2024-01-17 14:26:00,218.08,6.21,49.83
2024-01-17 14:28:00,218.2,6.17,49.83
2024-01-17 14:30:00,218.02,6.21,49.83
2024-01-17 14:32:00,217.66,6.2,49.84
2024-01-17 14:34:00,217.43,6.11,49.83
2024-01-17 14:36:00,217.84,6.17,49.84
2024-01-17 14:38:00,217.92,6.11,49.83
2024-01-17 14:40:00,218.29,6.16,49.83
2024-01-17 14:42:00,218.3,6.18,49.84
2024-01-17 14:44:00,218.27,6.13,49.83
2024-01-17 14:46:00,218.27,6.12,49.83
2024-01-17 14:48:00,218.09,6.07,49.84
2024-01-17 14:50:00,218.29,6.12,49.84
2024-01-17 14:52:00,217.8,6.2,49.85
2024-01-17 14:54:00,217.77,6.16,49.84
2024-01-17 14:56:00,217.8,6.11,49.83
2024-01-17 14:58:00,217.7,6.12,49.83
2024-01-17 15:00:00,218.07,6.03,49.82
2024-01-17 15:02:00,218.29,6.14,49.82
2024-01-17 15:04:00,219.03,6.25,49.82
2024-01-17 15:06:00,218.68,6.11,49.81
2024-01-17 15:08:00,218.82,6.15,49.81
2024-01-17 15:10:00,218.96,6.13,49.8
2024-01-17 15:12:00,218.53,6.03,49.81
2024-01-17 15:14:00,218.83,6.18,49.81
2024-01-17 15:16:00,218.7,6.22,49.8
2024-01-17 15:18:00,218.36,6.17,49.82
2024-01-17 15:20:00,218.98,6.17,49.83
2024-01-17 15:22:00,219.27,6.1,49.82
2024-01-17 15:24:00,219.36,6.03,49.81
2024-01-17 15:26:00,219.18,6.15,49.82
2024-01-17 15:28:00,219.7,6.15,49.81
2024-01-17 15:30:00,219.93,6.01,49.82
2024-01-17 15:32:00,219.67,6.08,49.83
2024-01-17 15:34:00,219.81,6.09,49.84
2024-01-17 15:36:00,220.32,6.04,49.83
2024-01-17 15:38:00,220.61,6.1,49.82
2024-01-17 15:40:00,221.23,6.05,49.81
2024-01-17 15:42:00,221.24,6.12,49.82
2024-01-17 15:44:00,221.26,6.2,49.85
2024-01-17 15:46:00,221.41,6.07,49.84
2024-01-17 15:48:00,221.36,6.15,49.85
2024-01-17 15:50:00,221.66,6.1,49.85
2024-01-17 15:52:00,222.05,6.1,49.86
2024-01-17 15:54:00,222.69,5.98,49.86
2024-01-17 15:56:00,222.51,6.1,49.84
2024-01-17 15:58:00,222.59,6.07,49.85
